Time t / s,Events N,Channel n,Energy E / keV,Rate R / 1/s,Voltage U / V,Raw
0,0,0,0,,697.2734375,0
1.001,0,1,1,2.114309956,698.4375,0
2,0,2,2,11.01457118,700.765625,0
3.001,0,3,3,7.764059547,698.4375,0
4.001,0,4,4,7.007147992,698.4375,0
5.001,0,5,5,8.885920991,698.4375,0
6.001,0,6,6,9.002730528,698.8255208,0
7.001,0,7,7,8.879508182,698.4375,0
8,0,8,8,5.008191899,698.4375,0
9,0,9,9,6.005121167,698.4375,0
10.001,0,10,10,8.883022146,698.4375,0
11,0,11,11,6.661063232,698.4375,0
12.001,0,12,12,3.331160306,698.4375,0
13,0,13,13,10.00094909,698.4375,0
14.001,0,14,14,14.02317329,698.8255208,0
15,0,15,15,15.54534054,698.4375,0
16,0,16,16,6.994969917,698.8255208,0
17.001,0.333333333,17,17,8.996156842,698.4375,4
18.001,0.25,18,18,14.0186448,698.8255208,3
19.001,0.416666667,19,19,12.98282632,698.4375,5
20,0.666666667,20,20,17.0209136,698.4375,8
21,0.666666667,21,21,4.998524935,698.4375,8
22.001,0.416666667,22,22,7.772657324,698.4375,5
23.001,0.666666667,23,23,6.647171252,698.4375,8
24,0.916666667,24,24,6.018733307,698.4375,11
25,1.25,25,25,11.09148903,698.4375,15
26.001,0.25,26,26,9.993756123,698.4375,3
27.001,0.583333333,27,27,9.012911898,698.8255208,7
28.001,1.083333333,28,28,7.770470945,698.4375,13
29,1,29,29,16.65922555,698.4375,12
30.001,1.083333333,30,30,8.888367438,698.4375,13
31,1.166666667,31,31,7.000489334,698.4375,14
32,1.166666667,32,32,9.998104804,698.4375,14
33.001,1.583333333,33,33,5.551891307,698.4375,19
34,1.166666667,34,34,9.003937422,698.4375,14
35,0.666666667,35,35,7.004756229,698.4375,8
36.001,1.25,36,36,10.00013,698.4375,15
37,1.666666667,37,37,3.330330485,698.4375,20
38,1.166666667,38,38,9.005726742,698.4375,14
39,1.25,39,39,11.99651861,698.4375,15
40.001,1.416666667,40,40,2.220758249,698.4375,17
41,1.583333333,41,41,5.002576827,698.4375,19
42.001,1.083333333,42,42,11.9960473,698.4375,13
43.001,1.166666667,43,43,5.998089009,699.2135417,14
44.001,1.666666667,44,44,6.012456005,699.2135417,20
45.001,1.333333333,45,45,5.995614208,698.4375,16
46,1.5,46,46,5.550104736,699.2135417,18
47,1.583333333,47,47,9.009920824,698.4375,19
48,1.75,48,48,14.43441573,698.4375,21
49,1.916666667,49,49,16.64958789,698.4375,23
50.001,1.666666667,50,50,9.020313747,698.4375,20
51.001,2.166666667,51,51,13.29463855,698.4375,26
51.999,1.833333333,52,52,7.011715174,698.4375,22
53,1.333333333,53,53,5.554538458,698.4375,16
54.001,1.666666667,54,54,5.551946174,698.4375,20
55,1.333333333,55,55,10.00368236,698.4375,16
56.001,1.333333333,56,56,5.551922131,698.4375,16
57.001,1.416666667,57,57,4.009283094,698.4375,17
58,1.5,58,58,14.99167962,698.4375,18
59,2.166666667,59,59,13.32401245,698.4375,26
60.001,1.666666667,60,60,12.21426531,698.4375,20
61,1.75,61,61,8.877400546,698.4375,21
62.001,1.5,62,62,4.008351802,698.4375,18
63,1.416666667,63,63,7.994630007,698.4375,17
64.001,2,64,64,5.996560373,698.4375,24
65,2.083333333,65,65,8.013638411,698.4375,25
66,1.416666667,66,66,6.656190562,698.4375,17
67,2,67,67,7.776296825,698.4375,24
68.001,2.416666667,68,68,8.013610316,698.4375,29
69,2.666666667,69,69,7.776203529,698.4375,32
70.001,2.416666667,70,70,8.003109208,698.4375,29
71.001,1.833333333,71,71,12.21183131,698.4375,22
72.001,1.583333333,72,72,6.662034332,699.6015625,19
73.001,2.333333333,73,73,7.775417507,698.4375,28
74.001,2.75,74,74,11.01862478,698.8255208,33
75,3,75,75,12.20579187,698.4375,36
76,3.083333333,76,76,8.002344687,698.8255208,37
77,3.5,77,77,9.004006783,698.4375,42
78,3.416666667,78,78,9.982295401,698.4375,41
79.001,3.75,79,79,5.013366135,698.4375,45
80.001,3.583333333,80,80,9.989335829,698.4375,43
81.001,3.666666667,81,81,5.55446071,698.4375,44
82,3.333333333,82,82,9.991808715,698.4375,40
83.001,3.666666667,83,83,7.767326409,698.4375,44
84,3.333333333,84,84,9.005742061,698.4375,40
85.001,2.666666667,85,85,9.986019573,698.4375,32
86.001,2.916666667,86,86,9.00606198,698.4375,35
87,3.5,87,87,7.772034244,698.4375,42
88.001,2.833333333,88,88,6.632834054,698.4375,34
89.001,3.25,89,89,3.017099107,699.2135417,39
90,2.666666667,90,90,3.331130716,698.8255208,32
91,2.666666667,91,91,8.001212984,698.4375,32
92.001,2.333333333,92,92,15.55450131,699.6015625,28
93.001,2.25,93,93,10.00709002,698.4375,27
94.001,2.416666667,94,94,6.662032113,698.4375,29
95.001,3.25,95,95,8.005395637,698.4375,39
96,3,96,96,11.09696372,698.4375,36
97.001,2.916666667,97,97,8.002183796,698.8255208,35
98,3.083333333,98,98,17.02826692,698.4375,37
99,1.833333333,99,99,8.883110919,698.4375,22
100.001,2.166666667,100,100,9.993745026,698.4375,26
101,2.916666667,101,101,11.10380234,698.4375,35
102.001,3,102,102,7.767578947,698.4375,36
103.001,1.916666667,103,103,12.00813311,698.4375,23
104.001,1.916666667,104,104,13.32473,698.4375,23
105,1.333333333,105,105,9.005902468,698.4375,16
106,1.416666667,106,106,8.8826365,698.4375,17
107.001,2.75,107,107,10.01631959,698.4375,33
108,1.083333333,108,108,3.331175102,698.4375,13
109.001,2.583333333,109,109,4.441507128,698.8255208,31
110,2.583333333,110,110,10.00372939,699.2135417,31
111.001,1.666666667,111,111,3.331156608,698.4375,20
112.001,1.833333333,112,112,7.997396048,698.4375,22
113,2.583333333,113,113,11.00721743,698.4375,31
114,2.25,114,114,7.00482212,698.4375,27
115.001,2.166666667,115,115,14.43598816,699.6015625,26
116,2.833333333,116,116,5.001480939,698.4375,34
117.001,2.083333333,117,117,9.982687801,698.4375,25
118.001,1.75,118,118,6.003820231,698.4375,21
119,2.083333333,119,119,9.006000698,698.4375,25
120,2.166666667,120,120,5.994830658,698.4375,26
121.001,1.666666667,121,121,11.99199534,698.4375,20
122,2.75,122,122,8.021387425,698.4375,33
123.001,1.833333333,123,123,6.655096412,698.4375,22
124.001,2.166666667,124,124,12.00703973,698.4375,26
125,1.583333333,125,125,19.98842004,698.4375,19
126.001,1.833333333,126,126,7.99545778,699.6015625,22
127,2.166666667,127,127,8.019525942,699.2135417,26
128,2.666666667,128,128,7.767743579,698.4375,32
129.001,2.833333333,129,129,15.00558658,698.4375,34
130,2.416666667,130,130,8.871221359,698.4375,29
131,1.75,131,131,12.02004342,699.2135417,21
132.001,1.75,132,132,5.549961195,698.4375,21
133,2.333333333,133,133,15.53930317,698.4375,28
134,1.833333333,134,134,10.02820533,698.8255208,22
135,2.166666667,135,135,2.218301005,698.4375,26
136.001,1.916666667,136,136,8.887292139,698.4375,23
137.001,2.75,137,137,9.994952549,698.4375,33
138,2.666666667,138,138,5.003201048,698.4375,32
139.001,1.916666667,139,139,3.329500339,698.4375,23
140.001,1.833333333,140,140,12.02427581,698.4375,22
141,1.916666667,141,141,7.772682353,698.4375,23
142.001,1.583333333,142,142,10.00507357,698.4375,19
143,2.083333333,143,143,12.99318248,698.8255208,25
144.001,2.416666667,144,144,8.995688367,698.4375,29
145.001,1.916666667,145,145,8.883044832,698.4375,23
146,1.916666667,146,146,13.01644628,698.8255208,23
147.001,2.333333333,147,147,5.996003664,698.8255208,28
148,2,148,148,9.006308018,698.4375,24
149,1.333333333,149,149,9.989697292,698.4375,16
150.001,1.583333333,150,150,11.99570554,698.4375,19
151,1.25,151,151,4.998375028,698.4375,15
152.001,1,152,152,12.99574779,698.8255208,12
153.001,2,153,153,7.013103985,698.4375,24
154,0.916666667,154,154,9.995410996,698.8255208,11
155.001,2.333333333,155,155,5.548170324,698.8255208,28
156,1.916666667,156,156,7.997387254,698.8255208,23
157.001,1.916666667,157,157,10.01673195,698.8255208,23
158.001,1.75,158,158,8.987936392,698.8255208,21
159.001,2.666666667,159,159,6.004321911,698.4375,32
160,1.583333333,160,160,11.00697071,698.4375,19
161.001,1.416666667,161,161,12.21427751,698.4375,17
162,1.833333333,162,162,6.660898329,698.4375,22
163.001,2.166666667,163,163,10.02644374,698.4375,26
164.001,2.25,164,164,6.662277706,698.4375,27
165,1.666666667,165,165,5.545756204,698.4375,20
166,1.833333333,166,166,6.001470961,698.4375,22
167,1.75,167,167,9.99347759,699.6015625,21
168,2.083333333,168,168,11.01189284,701.9296875,25
169.001,1.75,169,169,9.993428765,698.8255208,21
170,1.5,170,170,7.004696649,698.4375,18
171,2.083333333,171,171,11.1072902,698.4375,25
172,2,172,172,4.444021275,698.4375,24
173,2.166666667,173,173,8.005394035,698.4375,26
174.001,1.583333333,174,174,13.0091259,698.4375,19
175.001,1.75,175,175,7.772415675,698.4375,21
176,2.416666667,176,176,8.997012092,698.4375,29
177,1.75,177,177,8.992033059,698.4375,21
178,1.5,178,178,9.004817577,698.8255208,18
179.001,2.333333333,179,179,6.001969246,698.4375,28
180.001,1.333333333,180,180,5.550712867,698.8255208,16
181.001,1.5,181,181,8.013095802,698.4375,18
182.001,2.416666667,182,182,2.995658392,698.4375,29
183,1.333333333,183,183,2.000570162,698.4375,16
184.001,2,184,184,9.99225822,698.4375,24
185,1.083333333,185,185,5.013514932,698.4375,13
186,1.833333333,186,186,5.555532099,698.8255208,22
187.001,1.75,187,187,9.996064882,698.4375,21
188.001,1.25,188,188,9.993742807,698.4375,15
189,1.833333333,189,189,7.998879357,698.4375,22
190.001,1.166666667,190,190,9.993820488,698.4375,14
191.001,1.833333333,191,191,8.011323204,698.4375,22
192,2,192,192,16.62986846,698.4375,24
193,2.416666667,193,193,12.00538922,698.4375,29
194.001,1.5,194,194,5.55190302,698.4375,18
195,2.083333333,195,195,7.772236173,698.4375,25
196.001,2.083333333,196,196,9.993482029,698.8255208,25
197.001,1.833333333,197,197,9.015056948,698.4375,22
198,1.25,198,198,3.004115037,699.2135417,15
199.001,1.833333333,199,199,6.660873187,698.4375,22
200.001,1.416666667,200,200,10.98514918,698.4375,17
201.001,1.583333333,201,201,7.006337232,698.4375,19
202.001,2.083333333,202,202,6.654819609,698.4375,25
203,1.833333333,203,203,12.01825332,698.4375,22
204.001,1.416666667,204,204,8.879398785,698.4375,17
205.001,1,205,205,9.999698009,698.4375,12
205.999,1.5,206,206,8.013363084,699.6015625,18
207,1.583333333,207,207,11.10418703,698.4375,19
208,1.083333333,208,208,7.763818432,698.4375,13
209,1.833333333,209,209,7.776064452,699.2135417,22
210.001,1.833333333,210,210,11.01692089,698.4375,22
211.001,1.083333333,211,211,6.996908066,698.4375,13
212.001,1.666666667,212,212,15.01008528,698.4375,20
213.001,1.416666667,213,213,9.987159841,698.4375,17
214.001,0.916666667,214,214,9.012902872,698.4375,11
215,1.583333333,215,215,8.887857897,698.4375,19
216.001,1.333333333,216,216,7.009620704,698.4375,16
217.001,1.416666667,217,217,7.770113855,698.4375,17
218,1.916666667,218,218,7.776407402,699.2135417,23
219.001,1.416666667,219,219,8.873554401,698.8255208,17
220,1.833333333,220,220,6.008545955,698.4375,22
221.001,1.5,221,221,11.0040561,698.8255208,18
222.001,1.25,222,222,11.99205766,698.4375,15
223,1.666666667,223,223,14.44300496,698.4375,20
224.001,0.916666667,224,224,9.986694727,698.4375,11
225.001,1.666666667,225,225,13.00884471,698.4375,20
226.001,1.25,226,226,12.00804299,698.4375,15
227,1,227,227,12.00446446,698.4375,12
228.001,1.333333333,228,228,11.10381097,698.4375,16
229.001,1.916666667,229,229,9.999588906,698.4375,23
230,1.5,230,230,7.004754828,698.4375,18
231.001,1.333333333,231,231,3.331139593,698.4375,16
232,1.583333333,232,232,8.005631161,698.8255208,19
233,2.333333333,233,233,5.99863651,698.4375,28
234.001,2.083333333,234,234,9.015004574,698.4375,25
235.001,1.416666667,235,235,11.10382823,698.4375,17
236,1.5,236,236,6.662268089,699.2135417,18
237.001,1.166666667,237,237,11.09141399,699.2135417,14
238.001,1.416666667,238,238,6.016060475,698.4375,17
239,1.166666667,239,239,7.764106911,698.4375,14
240.001,1.416666667,240,240,8.013623962,698.4375,17
241.001,2,241,241,9.993067032,698.4375,24
242,1.5,242,242,3.330557499,698.4375,18
243.001,1.666666667,243,243,6.003752345,698.4375,20
244.001,1.833333333,244,244,8.883194761,698.4375,22
244.999,1.916666667,245,245,14.02317751,698.4375,23
246.001,1.166666667,246,246,10.00686171,698.4375,14
247.001,1.916666667,247,247,13.29513493,698.4375,23
248.001,1,248,248,10.02672423,698.8255208,12
249.001,2,249,249,15.53984305,698.4375,24
250,0.75,250,250,9.993395476,698.4375,9
251,1.75,251,251,13.32458204,698.4375,21
252,1.333333333,252,252,11.01818662,698.8255208,16
253,1.666666667,253,253,5.546059469,698.8255208,20
254.001,2.333333333,254,254,10.00671751,698.4375,28
255.001,1.666666667,255,255,12.03202806,698.4375,20
256,1.166666667,256,256,5.551927679,698.4375,14
257,1.333333333,257,257,14.41897093,698.4375,16
258.001,2.083333333,258,258,10.00670249,699.2135417,25
259,1.25,259,259,8.882714415,698.4375,15
260.001,1.083333333,260,260,11.10279019,698.4375,13
261,1.833333333,261,261,7.771290477,698.4375,22
262.001,1.916666667,262,262,6.016215506,698.4375,23
263,1.666666667,263,263,7.985939954,698.4375,20
264,1.166666667,264,264,9.006053869,698.4375,14
265.001,1.583333333,265,265,5.998038042,698.0494792,19
266,1.75,266,266,6.997271064,698.4375,21
267.001,1.833333333,267,267,5.551899321,698.4375,22
268,0.5,268,268,10.0166878,698.4375,6
269,1.166666667,269,269,14.00984892,698.8255208,14
270.001,1.583333333,270,270,4.441374468,698.4375,19
271,1.5,271,271,14.01112343,698.4375,18
272,1.333333333,272,272,7.764124134,698.4375,16
273.001,1.5,273,273,7.017339847,698.4375,18
274.001,1.583333333,274,274,5.545690389,698.8255208,19
275,1.5,275,275,4.441575187,698.4375,18
276,1.833333333,276,276,8.005374809,699.2135417,22
277,1.833333333,277,277,11.9664604,698.4375,22
278,1.083333333,278,278,6.014133213,698.4375,13
279,1.583333333,279,279,9.993399915,698.4375,19
280.001,1.833333333,280,280,11.00746857,698.4375,22
281,0.75,281,281,5.551869731,698.4375,9
282.001,0.833333333,282,282,15.00378546,698.8255208,10
282.999,1.333333333,283,283,6.665290654,698.8255208,16
284.001,0.916666667,284,284,12.01288622,698.8255208,11
285.001,1.083333333,285,285,9.984885103,698.4375,13
286,1.583333333,286,286,10.01671289,698.4375,19
287.001,1.416666667,287,287,11.09692554,698.8255208,17
288,1.083333333,288,288,13.00602049,698.4375,13
289.001,1.416666667,289,289,12.21379742,698.4375,17
290.001,1.333333333,290,290,9.015291738,698.4375,16
291,1.833333333,291,291,9.986351653,698.4375,22
292.001,1.25,292,292,8.991998919,698.4375,15
293.001,1,293,293,8.019031568,698.4375,12
294.001,1.333333333,294,294,10.98373309,698.4375,16
295,1.75,295,295,8.883334831,698.8255208,21
296,1.25,296,296,8.000610447,698.4375,15
297.001,1.583333333,297,297,8.005382819,698.4375,19
298.001,0.916666667,298,298,6.662263651,698.8255208,11
299.001,1.416666667,299,299,12.02795537,698.4375,17
300,0.916666667,300,300,12.20106828,698.4375,11
301.001,1.583333333,301,301,11.0788495,698.4375,19
302,1.416666667,302,302,9.025651805,698.4375,17
303,1.333333333,303,303,8.991001805,698.4375,16
304.001,1.166666667,304,304,13.02208285,698.4375,14
305.001,1.333333333,305,305,9.989662919,698.4375,16
306,1.75,306,306,8.009706964,698.8255208,21
307.001,1.166666667,307,307,7.767973732,698.8255208,14
307.999,1.333333333,308,308,7.989453123,698.8255208,16
309.001,1,309,309,5.003359255,698.4375,12
310,1.333333333,310,310,9.99341434,698.8255208,16
311,0.583333333,311,311,9.024327783,698.4375,7
312,0.666666667,312,312,9.982046734,698.8255208,8
313.001,1.083333333,313,313,10.00669448,699.2135417,13
314.001,0.25,314,314,8.878895199,698.4375,3
315,1.083333333,315,315,4.436203457,698.4375,13
316.001,1.666666667,316,316,6.662302858,698.4375,20
317,1.5,317,317,7.014936202,698.4375,18
318,1.75,318,318,11.09865965,698.4375,21
319.001,1.166666667,319,319,7.002002573,698.4375,14
320,1.166666667,320,320,14.43834024,698.8255208,14
321,1.5,321,321,12.2141663,698.4375,18
322.001,1.166666667,322,322,5.008380021,698.4375,14
323.001,1.416666667,323,323,6.654905231,699.2135417,17
324,1.333333333,324,324,10.99646024,698.4375,16
325.001,1.083333333,325,325,8.013378335,698.4375,13
326.001,1,326,326,2.99596653,698.4375,12
327,0.916666667,327,327,8.883039901,698.4375,11
328.001,1.5,328,328,7.011706746,698.4375,18
329,1.333333333,329,329,13.319589,698.4375,16
330.001,1.416666667,330,330,3.331127387,698.4375,17
331.001,1.083333333,331,331,11.00722514,698.4375,13
332,0.75,332,332,5.552205725,698.4375,9
333.001,1.083333333,333,333,13.00833965,698.4375,13
334.001,0.916666667,334,334,8.005296304,698.8255208,11
335.001,0.666666667,335,335,12.9829469,698.4375,8
336.001,0.916666667,336,336,7.770020707,698.4375,11
337.001,0.833333333,337,337,8.997212664,698.0494792,10
338.001,1.166666667,338,338,7.99163755,698.4375,14
339,1,339,339,10.01097704,698.8255208,12
340.001,1.583333333,340,340,8.993879665,698.4375,19
341,0.25,341,341,9.993422107,698.4375,3
342.001,1,342,342,9.006079103,698.4375,12
343.001,1,343,343,14.43484848,698.4375,12
343.999,1.083333333,344,344,10.01676105,698.4375,13
345,0.666666667,345,345,13.32450215,698.4375,8
346,1.5,346,346,14.42988629,698.8255208,18
347,0.583333333,347,347,9.005761886,698.4375,7
348,0.916666667,348,348,8.005335556,698.4375,11
349.001,1.083333333,349,349,10.99247126,698.4375,13
350.001,0.75,350,350,6.997719443,698.4375,9
351,1.083333333,351,351,5.003358755,698.4375,13
352.001,1.083333333,352,352,9.99298093,698.4375,13
353,0.833333333,353,353,7.772393236,698.4375,10
354.001,0.5,354,354,8.997086743,698.8255208,6
355,1.083333333,355,355,4.006696793,699.2135417,13
356.001,0.5,356,356,6.665563146,698.4375,6
357.001,1.416666667,357,357,1.10914386,698.4375,17
358.001,1.083333333,358,358,13.03091193,698.8255208,13
359,1.25,359,359,11.10374686,698.4375,15
360,0.583333333,360,360,6.657752676,698.4375,7
361,1.25,361,361,12.99008207,698.8255208,15
362.001,1.333333333,362,362,12.21420292,699.2135417,16
363.001,1,363,363,15.54505919,698.4375,12
364.001,0.833333333,364,364,11.00788495,698.4375,10
365.001,0.75,365,365,7.770626211,698.8255208,9
366,0.916666667,366,366,8.005382018,698.8255208,11
367.001,0.75,367,367,8.003571193,698.4375,9
368,0.916666667,368,368,4.436623663,698.4375,11
369.001,1,369,369,9.014718331,698.8255208,12
370,0.5,370,370,8.871942493,698.4375,6
371.001,0.916666667,371,371,12.03219696,698.4375,11
372.001,0.666666667,372,372,7.76414308,698.4375,8
373,1.333333333,373,373,7.004703659,698.4375,16
374,0.833333333,374,374,6.662267349,698.4375,10
375.001,0.916666667,375,375,7.00308626,698.4375,11
376,0.916666667,376,376,4.441518471,698.4375,11
377,0.916666667,377,377,12.21419749,698.4375,11
378.001,1,378,378,12.00842391,698.4375,12
379.001,1,379,379,11.00701477,698.8255208,12
380.001,0.75,380,380,5.548555744,698.4375,9
381,1.083333333,381,381,7.771859075,698.4375,13
382.001,0.666666667,382,382,7.764370435,698.8255208,8
383.001,0.666666667,383,383,7.007191481,698.4375,8
384.001,0.833333333,384,384,7.766807594,698.4375,10
385.001,1.083333333,385,385,13.02211676,698.8255208,13
386.001,0.666666667,386,386,12.21596493,698.4375,8
387.001,0.583333333,387,387,11.98373448,698.4375,7
388,0.666666667,388,388,6.001923617,698.4375,8
389,1.25,389,389,10.00673253,698.8255208,15
390.001,0.75,390,390,9.993771659,698.8255208,9
391,0.75,391,391,6.997830672,698.4375,9
392.001,0.916666667,392,392,11.01336031,698.4375,11
393.001,0.833333333,393,393,6.001648053,698.4375,10
394.001,0.75,394,394,11.09154932,698.4375,9
395,0.666666667,395,395,15.03168981,698.4375,8
396.001,0.416666667,396,396,9.997276298,698.4375,5
397,0.416666667,397,397,6.66226513,698.4375,5
398.001,0.75,398,398,10.01057317,698.4375,9
399,0.333333333,399,399,8.88317602,698.4375,4
400.001,0.666666667,400,400,11.09150749,698.4375,8
401.001,0.5,401,401,10.00503253,698.4375,6
402.001,0.666666667,402,402,10.00188035,698.8255208,8
403,0.416666667,403,403,4.998215137,698.8255208,5
404.001,0.5,404,404,12.99578417,698.8255208,6
405.001,1,405,405,6.657647034,698.8255208,12
406.001,0.5,406,406,6.647576305,698.4375,6
407.001,0.25,407,407,4.012139531,698.4375,3
408.001,0.75,408,408,4.995545971,698.4375,9
409,0.666666667,409,409,10.9962206,698.4375,8
410,0.25,410,410,11.00753796,698.4375,3
411,0.833333333,411,411,6.664896026,698.4375,10
412.001,0.416666667,412,412,9.004326579,698.4375,5
413.001,0.583333333,413,413,3.331250931,698.4375,7
414.001,0.5,414,414,13.32405091,698.4375,6
415,0.583333333,415,415,13.32464271,698.4375,7
416,1,416,416,11.01838417,698.4375,12
417.001,0.416666667,417,417,12.99574519,698.4375,5
418.001,0.416666667,418,418,8.876730727,698.4375,5
419,0.5,419,419,8.008766396,698.4375,6
420,0.416666667,420,420,6.66556907,699.2135417,5
421.001,0.583333333,421,421,8.997347582,699.2135417,7
422,1,422,422,9.005788921,698.4375,12
423.001,0.75,423,423,9.991062994,699.2135417,9
424.001,0.75,424,424,5.00352949,698.4375,9
425.001,1,425,425,7.772140385,698.4375,12
426,0.416666667,426,426,7.002268035,698.4375,5
427.001,0.666666667,427,427,3.003428714,698.4375,8
428,0.5,428,428,11.10081572,698.4375,6
429,0.583333333,429,429,8.883237176,698.4375,7
430.001,0.666666667,430,430,8.88886321,698.4375,8
431.001,0.333333333,431,431,11.108413,698.4375,4
432,0.166666667,432,432,13.32510582,698.4375,2
433.001,0.166666667,433,433,12.99534507,698.4375,2
434.001,0.833333333,434,434,6.662293981,698.4375,10
434.999,0.25,435,435,5.008359954,698.8255208,3
436,0.833333333,436,436,3.330996824,698.4375,10
437,0.666666667,437,437,4.000360432,699.2135417,8
438,0.583333333,438,438,6.990979539,698.8255208,7
439.001,0.25,439,439,6.003836451,698.4375,3
440.001,0.583333333,440,440,8.008622884,698.4375,7
441.001,0.166666667,441,441,7.00199837,698.4375,2
442,0.583333333,442,442,9.994491037,698.4375,7
443.001,0.5,443,443,5.992263987,698.4375,6
444.001,0.666666667,444,444,3.001917325,698.4375,8
445,0.666666667,445,445,11.98732221,699.2135417,8
446,0.583333333,446,446,14.0283274,698.4375,7
447,0.583333333,447,447,13.3206018,698.4375,7
448.001,1,448,448,12.21912535,698.4375,12
449.001,0.583333333,449,449,10.99670429,698.8255208,7
450.001,0.75,450,450,8.020506832,698.4375,9
451,1,451,451,8.888753582,698.4375,12
452,0.25,452,452,6.653292809,698.4375,3
453.001,0.666666667,453,453,13.3246575,698.4375,8
454,0.416666667,454,454,8.005363594,698.4375,5
455.001,0.666666667,455,455,4.438841147,698.4375,8
456,0.75,456,456,5.003208057,698.8255208,9
457.001,0.666666667,457,457,11.10115461,698.4375,8
458,0.416666667,458,458,8.013615935,698.4375,5
459.001,0.75,459,459,6.662056524,698.4375,9
460.001,0.583333333,460,460,4.438391957,698.4375,7
461.003,0.416666667,461,461,9.01310325,698.8255208,5
462.001,0.75,462,462,9.999732229,698.8255208,9
463,0.583333333,463,463,6.66092347,698.4375,7
464,0.5,464,464,9.999063421,698.4375,6
465.001,0.833333333,465,465,9.996741062,698.4375,10
466.001,0.583333333,466,466,9.004250907,698.4375,7
467,0.75,467,467,8.996814228,698.4375,9
468.001,0.666666667,468,468,7.997349678,698.4375,8
469.001,0.583333333,469,469,9.005991686,698.4375,7
470.001,0.416666667,470,470,6.995411709,698.4375,5
471,0.833333333,471,471,6.99618568,698.8255208,10
472.001,0.916666667,472,472,12.01977855,699.2135417,11
473.001,0.75,473,473,2.220762934,698.8255208,9
474,0.5,474,474,18.87644092,698.8255208,6
475.001,0.25,475,475,8.005396438,698.8255208,3
476,0.666666667,476,476,13.33321778,698.4375,8
477.001,0.333333333,477,477,5.00321006,698.4375,4
478,0.416666667,478,478,6.660147862,698.4375,5
479.001,0.583333333,479,479,14.43545757,698.4375,7
480,0.833333333,480,480,14.43438368,698.4375,10
481.001,1.25,481,481,9.004234692,700.765625,15
482,0.333333333,482,482,8.009544173,698.4375,4
483.001,0.833333333,483,483,13.32454654,699.6015625,10
484.001,0.416666667,484,484,7.997002723,698.4375,5
485,0.75,485,485,12.99580625,698.4375,9
486,0.5,486,486,11.00740688,698.4375,6
487.001,0.666666667,487,487,9.001647301,698.4375,8
488,0.166666667,488,488,4.001234781,698.4375,2
489.001,0.833333333,489,489,10.99299087,698.4375,10
490.001,0.833333333,490,490,3.33100681,698.4375,10
491.001,0.583333333,491,491,13.99594398,698.4375,7
492.001,0.833333333,492,492,7.997083464,698.4375,10
493.001,1,493,493,8.013684167,699.2135417,12
494.001,0.833333333,494,494,11.10752215,698.8255208,10
495.001,0.5,495,495,5.551949873,698.4375,6
496.001,0.333333333,496,496,6.665171447,698.4375,4
497.001,0.666666667,497,497,8.004216621,698.4375,8
498.001,0.75,498,498,5.992648818,698.4375,9
499,0.916666667,499,499,5.013222374,698.4375,11
500.001,0.916666667,500,500,11.10397372,698.8255208,11
501,0.583333333,501,501,9.006038549,698.8255208,7
502.001,0.5,502,502,6.653490538,698.8255208,6
503.001,0.583333333,503,503,14.00945078,699.2135417,7
504.001,0.583333333,504,504,10.01050102,698.4375,7
505,0.5,505,505,8.88307245,698.4375,6
506.001,0.416666667,506,506,5.998096204,698.4375,5
507,0.583333333,507,507,6.002986486,698.4375,7
508.001,0.5,508,508,3.331133305,698.4375,6
509.001,0.333333333,509,509,13.00873537,698.4375,4
510.001,0.666666667,510,510,9.002902536,698.4375,8
511.001,0.583333333,511,511,5.998180752,698.4375,7
512.001,0.25,512,512,11.0129821,698.4375,3
513.001,0.5,513,513,5.545302292,698.4375,6
514.001,0.5,514,514,8.967732306,698.4375,6
515.001,0.416666667,515,515,8.03975902,698.4375,5
516,0.583333333,516,516,4.442336802,698.4375,7
517,0.666666667,517,517,7.776975021,698.8255208,8
518.001,0.833333333,518,518,5.553601922,698.4375,10
519.001,0.666666667,519,519,13.99548226,698.4375,8
520.001,0.5,520,520,15.53933422,698.4375,6
521.001,0.833333333,521,521,11.01841397,699.2135417,10
522.001,1.583333333,522,522,8.872329179,698.4375,19
523.001,0.25,523,523,4.007791146,698.4375,3
524.001,0.166666667,524,524,14.43492221,698.4375,2
525,0.916666667,525,525,9.993391037,698.4375,11
526.001,0.666666667,526,526,17.76577404,698.4375,8
527,0.916666667,527,527,11.11097778,698.8255208,11
528.001,0.833333333,528,528,7.995130965,698.8255208,10
529.001,0.666666667,529,529,9.015039791,698.4375,8
530,0.833333333,530,530,10.97653765,698.4375,10
531.001,0.666666667,531,531,3.00402389,698.4375,8
532,0.666666667,532,532,6.997736932,698.4375,8
533.001,0.5,533,533,5.003348741,698.4375,6
534,1.333333333,534,534,8.99504463,698.4375,16
535.001,1.083333333,535,535,4.43668862,698.4375,13
536,0.833333333,536,536,12.00805981,698.4375,10
537.001,0.75,537,537,11.00397794,698.4375,9
538.003,0.416666667,538,538,11.1042043,698.8255208,5
539.001,0.916666667,539,539,8.021135693,698.4375,11
540.001,0.666666667,540,540,7.769596393,698.4375,8
541.001,0.583333333,541,541,8.986492403,698.8255208,7
542,0.666666667,542,542,9.001125141,698.4375,8
543.001,0.75,543,543,5.002080365,698.4375,9
544.001,0.833333333,544,544,9.993082566,698.4375,10
545.001,0.583333333,545,545,16.03671124,698.4375,7
546,0.583333333,546,546,6.662300639,698.4375,7
547,0.666666667,547,547,12.00801655,698.4375,8
548.001,0.666666667,548,548,5.551899938,698.4375,8
549.001,0.583333333,549,549,6.665114436,698.8255208,7
550,0.583333333,550,550,7.004694546,698.8255208,7
551,0.583333333,551,551,5.003117442,698.8255208,7
552.001,0.333333333,552,552,4.998575906,698.4375,4
553.001,1.333333333,553,553,8.88283573,698.4375,16
554.001,0.583333333,554,554,14.98017524,698.4375,7
555,0.5,555,555,11.01389734,698.4375,6
556.001,0.166666667,556,556,8.88298861,698.4375,2
557,0.5,557,557,9.993285511,698.4375,6
558.001,0.583333333,558,558,10.01724168,698.4375,7
559.001,0.5,559,559,8.996710803,698.4375,6
560.001,0.833333333,560,560,12.99553863,698.4375,10
561,0.666666667,561,561,12.21451079,698.8255208,8
562.001,0.75,562,562,6.004001667,698.4375,9
563,0.916666667,563,563,5.552134824,698.8255208,11
564.001,0.583333333,564,564,13.00397271,698.4375,7
565,0.416666667,565,565,11.00422562,698.4375,5
566.001,0.75,566,566,5.998041639,698.4375,9
567,0.416666667,567,567,14.00546073,698.4375,5
568.001,0.5,568,568,9.006030438,698.4375,6
569,0.416666667,569,569,5.555407411,698.8255208,5
570.001,0.25,570,570,8.984847952,698.8255208,3
571,0.75,571,571,8.005081626,699.6015625,9
572.001,0.75,572,572,9.00403651,698.4375,9
573,0.5,573,573,5.992005466,698.4375,6
574.001,0.416666667,574,574,7.011757315,698.4375,5
575,0.916666667,575,575,6.653154111,698.4375,11
575.999,0.833333333,576,576,13.01437177,698.4375,10
577.001,0.25,577,577,10.00453205,698.4375,3
578,0.5,578,578,15.00704581,698.4375,6
579.001,0.583333333,579,579,4.998381524,698.4375,7
580.001,0.416666667,580,580,5.553052363,699.2135417,5
581,0.916666667,581,581,11.99668532,698.8255208,11
582.001,0.666666667,582,582,8.009791169,698.4375,8
583.001,0.5,583,583,8.883041873,698.8255208,6
584,1,584,584,11.10342877,698.4375,12
585.001,0.583333333,585,585,12.00796008,698.4375,7
586.001,0.416666667,586,586,4.441516005,698.4375,5
587,0.75,587,587,7.004774454,698.4375,9
588.001,0.583333333,588,588,14.42948908,698.4375,7
589.001,0.5,589,589,7.009435401,698.4375,6
590,0.416666667,590,590,6.662288063,698.4375,5
591,0.5,591,591,14.42822872,698.4375,6
592.001,0.75,592,592,12.01243768,698.8255208,9
593.001,0.583333333,593,593,9.999145629,698.8255208,7
594.001,0.583333333,594,594,1.999967801,698.4375,7
595,0.416666667,595,595,6.001908607,698.8255208,5
596,0.666666667,596,596,10.00589247,698.4375,8
596.982,0.833333333,597,597,8.8870779,698.4375,10
598,0.5,598,598,9.989672898,698.4375,6
599,0.666666667,599,599,9.993520867,698.4375,8
600,0.666666667,600,600,9.01159522,698.4375,8
601.001,0.833333333,601,601,6.990536212,698.4375,10
602.001,0.666666667,602,602,6.004015486,698.8255208,8
603.001,0.666666667,603,603,8.879580129,698.4375,8
604.001,0.75,604,604,11.99647544,698.4375,9
605,0.416666667,605,605,5.99785157,698.4375,5
606.001,0.5,606,606,13.00399743,698.4375,6
607,0.833333333,607,607,7.772332827,698.4375,10
608.001,0.833333333,608,608,5.551943708,698.4375,10
609.001,0.416666667,609,609,6.004042522,698.4375,5
610.001,0.583333333,610,610,9.012901969,698.4375,7
611.001,0.583333333,611,611,5.551381533,698.4375,7
612.001,0.5,612,612,7.772398414,698.8255208,6
613.001,0.416666667,613,613,6.66656815,698.4375,5
614,0.416666667,614,614,8.005407653,698.8255208,5
615,0.916666667,615,615,7.004676322,699.2135417,11
616.001,0.75,616,616,9.986785264,698.8255208,9
617.001,1.083333333,617,617,14.00405417,698.8255208,13
618.001,0.75,618,618,12.0054805,698.4375,9
619.001,0.916666667,619,619,8.883056669,698.4375,11
620.001,0.833333333,620,620,14.00433434,699.6015625,10
621.001,0.666666667,621,621,12.0066661,699.2135417,8
622,0.25,622,622,7.76931268,699.2135417,3
623.001,0.5,623,623,8.879583086,698.4375,6
624,0.5,624,624,3.330111635,698.8255208,6
625.001,1,625,625,7.77011213,699.2135417,12
626,0.833333333,626,626,10.01672593,698.4375,10
627.001,0.583333333,627,627,6.655154728,699.6015625,7
628.001,1,628,628,8.011813419,698.4375,12
629.001,0.166666667,629,629,8.879654049,698.4375,2
630.001,0.666666667,630,630,9.996741062,699.2135417,8
631,0.666666667,631,631,8.005393233,698.4375,8
632.001,0.833333333,632,632,4.00266938,698.4375,10
633,0.333333333,633,633,7.002735969,698.4375,4
634.001,0.75,634,634,6.639992342,698.4375,9
635.001,0.583333333,635,635,11.02941656,698.4375,7
636,0.583333333,636,636,12.00796488,698.4375,7
637.001,0.916666667,637,637,14.41908768,698.4375,11
638.001,0.5,638,638,2.001348709,698.4375,6
639,0.5,639,639,4.002682998,698.4375,6
640.001,0.5,640,640,12.00556338,698.4375,6
641,0.333333333,641,641,12.21462201,698.4375,4
642.001,0.416666667,642,642,7.004487775,698.4375,5
643,0.5,643,643,11.10144299,698.4375,6
644.001,0.166666667,644,644,7.767534126,698.4375,2
645,0.25,645,645,6.010033751,698.4375,3
646.001,0.5,646,646,4.441512553,699.2135417,6
647.001,0.5,647,647,8.013353452,698.8255208,6
648,0.25,648,648,8.988144637,698.8255208,3
649.001,0.583333333,649,649,6.661878257,698.4375,7
650.001,1,650,650,7.018483175,698.4375,12
651,1,651,651,12.21422869,698.8255208,12
652.001,0.416666667,652,652,11.09947886,699.2135417,5
653,0.666666667,653,653,5.998036243,698.4375,8
654.001,0.583333333,654,654,8.88305371,698.4375,7
655.001,0.75,655,655,4.009750108,698.4375,9
656.001,0.833333333,656,656,9.960396357,698.8255208,10
657.001,0.333333333,657,657,7.018685847,698.4375,4
658.001,0.5,658,658,3.32745852,698.4375,6
659.001,0.25,659,659,6.004010679,698.4375,3
660.001,0.916666667,660,660,12.008049,698.4375,11
661.001,0.583333333,661,661,8.883022146,698.4375,7
662,0.166666667,662,662,9.006378317,698.4375,2
663.001,0.583333333,663,663,6.00265017,698.4375,7
664,0.75,664,664,6.66099446,698.4375,9
665,0.5,665,665,6.993695184,698.4375,6
666.001,0.166666667,666,666,6.66239755,698.4375,2
667,0.583333333,667,667,11.0183908,698.4375,7
668.001,0.916666667,668,668,6.662519618,698.4375,11
669.001,0.5,669,669,8.882757812,698.4375,6
670.001,0.583333333,670,670,7.004500392,698.4375,7
671.001,0.75,671,671,7.008389042,698.4375,9
672,0.416666667,672,672,6.662373137,698.4375,5
673.002,0.916666667,673,673,11.01835658,698.4375,11
674.001,0.583333333,674,674,9.982414313,698.4375,7
675,0.5,675,675,9.006034944,698.4375,6
676.001,0.833333333,676,676,6.996841626,698.4375,10
677.001,0.583333333,677,677,6.000945149,698.4375,7
678.001,0.583333333,678,678,8.871303993,698.4375,7
679,0.833333333,679,679,12.02044798,698.4375,10
680.001,0.416666667,680,680,9.996738064,698.4375,5
681.001,0.583333333,681,681,9.993077018,698.4375,7
682,0.583333333,682,682,6.66251296,698.4375,7
683.001,0.583333333,683,683,10.01643998,698.4375,7
684.001,0.666666667,684,684,5.54576174,698.4375,8
685.001,0.666666667,685,685,4.00655673,699.2135417,8
686.001,0.5,686,686,6.988522051,698.8255208,6
687.001,0.75,687,687,9.015325151,698.8255208,9
688.001,0.333333333,688,688,7.994342404,698.8255208,4
689,0.75,689,689,13.99549345,698.4375,9
690.001,0.333333333,690,690,16.99501536,698.4375,4
691.001,0.75,691,691,11.99571753,698.8255208,9
692.001,0.583333333,692,692,11.01609893,698.4375,7
693,0.333333333,693,693,6.990754029,699.2135417,4
694.001,0.583333333,694,694,14.00381464,698.8255208,7
695.001,0.916666667,695,695,11.00665132,698.4375,11
696.001,0.75,696,696,9.00609893,698.4375,9
697.001,0.5,697,697,5.996441112,698.4375,6
698,0.75,698,698,9.987070738,698.8255208,9
699.001,0.5,699,699,14.00403456,698.4375,6
700,0.916666667,700,700,11.0062967,698.4375,11
701.001,0.666666667,701,701,6.009822454,698.4375,8
702.001,1.083333333,702,702,7.772939555,698.8255208,13
703,0.25,703,703,5.545600586,698.4375,3
704.001,0.666666667,704,704,9.006006105,698.4375,8
705.001,0.916666667,705,705,6.003926568,698.4375,11
706,0.416666667,706,706,2.99893268,698.8255208,5
707.001,0.416666667,707,707,8.880977911,698.8255208,5
708,0.583333333,708,708,8.005374809,699.6015625,7
708.999,0.916666667,709,709,14.44156897,698.4375,11
710.001,1,710,710,8.878038939,698.8255208,12
711,0.5,711,711,15.01015888,698.4375,6
712.001,0.5,712,712,8.996312412,698.4375,6
713.001,0.5,713,713,8.005379615,698.8255208,6
714,0.25,714,714,3.331141072,698.4375,3
715.001,0.583333333,715,715,5.996539996,698.4375,7
716.001,0.666666667,716,716,11.10850802,698.8255208,8
717,0.666666667,717,717,11.01872191,698.4375,8
718.001,0.583333333,718,718,5.551506657,698.4375,7
719.001,0.416666667,719,719,14.02602529,698.4375,5
720.001,0.916666667,720,720,6.65431847,698.8255208,11
721,0.583333333,721,721,8.888379288,698.4375,7
722.001,1.083333333,722,722,6.007612847,699.2135417,13
723.001,0.916666667,723,723,8.883001433,698.4375,11
724,0.166666667,724,724,13.99352659,698.8255208,2
725,0.333333333,725,725,5.997846173,698.8255208,4
726.001,0.5,726,726,7.002398321,698.8255208,6
727.001,0.416666667,727,727,11.09966859,699.2135417,5
728,0.666666667,728,728,9.993039293,698.4375,8
729.001,0.166666667,729,729,6.002351721,698.8255208,2
730,0.583333333,730,730,11.99802033,699.2135417,7
731.001,0.666666667,731,731,5.003353247,699.2135417,8
732.001,0.666666667,732,732,7.99471789,698.4375,8
733.001,0.333333333,733,733,8.010163295,698.4375,4
734,0.333333333,734,734,11.1032007,698.4375,4
735.001,0.333333333,735,735,12.00515982,698.4375,4
736,0.75,736,736,12.21425581,698.8255208,9
737.001,0.583333333,737,737,5.552095366,698.4375,7
738.001,0.583333333,738,738,12.99917195,698.4375,7
739,0.333333333,739,739,10.01106423,698.4375,4
740.001,0.333333333,740,740,6.997756519,698.4375,4
741.001,0.416666667,741,741,3.327431948,698.4375,5
742.001,0.583333333,742,742,9.014989223,698.4375,7
743.001,0.833333333,743,743,8.876630262,698.4375,10
744.001,0.25,744,744,13.0119072,698.4375,3
745.001,0.5,745,745,5.551719318,698.4375,6
746.001,0.75,746,746,11.10752091,698.4375,9
747,0.833333333,747,747,6.003992655,698.4375,10
748.001,0.583333333,748,748,8.013371111,698.4375,7
749,0.416666667,749,749,9.992555546,698.4375,5
750.001,0.666666667,750,750,7.995836568,698.4375,8
751.001,0.583333333,751,751,12.98245292,698.4375,7
752.001,0.333333333,752,752,11.01834003,698.4375,4
753,0.25,753,753,5.550102272,698.4375,3
754.001,0.333333333,754,754,12.00681747,698.4375,4
755.001,0.5,755,755,6.66570014,698.4375,6
756,0.833333333,756,756,7.004915349,698.4375,10
757.001,0.416666667,757,757,7.768562536,698.4375,5
758.001,0.583333333,758,758,7.775048736,698.4375,7
759.001,0.166666667,759,759,7.013151061,698.4375,2
760,0.583333333,760,760,13.3242891,698.4375,7
761.001,0.25,761,761,3.994371132,698.4375,3
762,0.583333333,762,762,10.01677911,698.4375,7
763,0.166666667,763,763,9.99677604,698.4375,2
764,0.666666667,764,764,7.997416035,698.4375,8
765,0.416666667,765,765,8.993736762,698.8255208,5
766.001,0.5,766,766,8.018758281,698.4375,6
767,0.416666667,767,767,8.883008337,698.4375,5
768.001,0.416666667,768,768,6.662593601,698.4375,5
769.001,0.5,769,769,12.20018462,698.4375,6
770.001,0.5,770,770,6.004180711,698.4375,6
771,0.583333333,771,771,6.666263728,698.4375,7
772.001,0.666666667,772,772,11.02239972,698.8255208,8
773,0.583333333,773,773,7.772393236,698.4375,7
774.001,0.666666667,774,774,12.21416359,698.4375,8
775.001,0.583333333,775,775,11.0183323,698.8255208,7
776,0.333333333,776,776,3.327463318,698.8255208,4
777.001,0.5,777,777,12.00459896,698.4375,6
778,1,778,778,5.551886992,698.8255208,12
779.001,0.416666667,779,779,4.006803151,698.4375,5
780,0.166666667,780,780,11.99337126,698.4375,2
781,0.75,781,781,5.003359255,699.2135417,9
782.001,0.333333333,782,782,5.545772812,698.4375,4
783.001,0.166666667,783,783,6.655629415,698.4375,2
784,0.416666667,784,784,7.004128934,698.4375,5
785.001,0.25,785,785,8.005376411,699.2135417,3
786,0.416666667,786,786,8.013371914,698.4375,5
787,0.666666667,787,787,8.87678096,698.8255208,8
788.001,0.5,788,788,8.011133874,698.4375,6
789.001,0.416666667,789,789,9.993551938,698.8255208,5
790.001,0.5,790,790,4.438623436,699.2135417,6
791.001,0.416666667,791,791,10.01669282,698.4375,5
792.001,0.25,792,792,9.993774989,698.4375,3
793.001,0.416666667,793,793,8.988103346,698.4375,5
794.001,0,794,794,8.01830981,699.2135417,0
795.001,0.25,795,795,4.993333401,698.4375,3
796.001,0.416666667,796,796,8.873516015,698.8255208,5
797,0.5,797,797,7.002334578,699.2135417,6
798.001,0.166666667,798,798,9.993460945,698.4375,2
799,0.333333333,799,799,13.32453026,698.8255208,4
800,0.166666667,800,800,11.02532849,698.4375,2
801.001,0.333333333,801,801,6.659303697,699.2135417,4
802,0.25,802,802,6.661052879,698.4375,3
803.001,0.083333333,803,803,9.996743061,698.8255208,1
804.001,0.833333333,804,804,9.006441407,699.9895833,10
805,0.25,805,805,12.99350065,699.2135417,3
806.001,0.333333333,806,806,8.883084287,698.8255208,4
807,0.833333333,807,807,11.01837534,698.4375,10
808,0.5,808,808,5.552381444,699.2135417,6
809.001,1,809,809,12.00865704,698.8255208,12
810.001,0.416666667,810,810,4.998997701,699.2135417,5
811,0.75,811,811,8.878300036,698.4375,9
812.001,0.583333333,812,812,13.02536299,698.8255208,7
813.001,1.083333333,813,813,11.0919147,698.4375,13
814,0.333333333,814,814,6.663995145,698.4375,4
815.001,0.083333333,815,815,21.0971448,698.4375,1
816.001,0.583333333,816,816,9.015065978,698.4375,7
817,0.416666667,817,817,11.10104863,698.4375,5
818.001,0.333333333,818,818,13.32440894,698.8255208,4
819.001,0.416666667,819,819,8.88759525,698.4375,5
820.001,0.583333333,820,820,9.996764047,698.4375,7
821,0.833333333,821,821,12.02005667,698.4375,10
822.001,0.416666667,822,822,5.552430771,698.4375,5
823.001,0.583333333,823,823,13.32448883,698.4375,7
824.001,0.333333333,824,824,11.99412528,698.4375,4
825.001,0.333333333,825,825,7.015986627,698.4375,4
826,0.333333333,826,826,6.662054304,698.4375,4
827.001,0.416666667,827,827,2.999016622,698.4375,5
828.001,0.25,828,828,12.99319936,698.4375,3
829.001,0.75,829,829,4.006363708,698.4375,9
830.001,0.666666667,830,830,14.42898459,698.4375,8
831,0.583333333,831,831,17.77728791,698.4375,7
832.002,0.25,832,832,7.987144691,698.4375,3
833,1,833,833,13.01759979,698.4375,12
834.001,0.333333333,834,834,6.654151686,698.4375,4
835,0.25,835,835,13.00877702,698.4375,3
836.001,0.416666667,836,836,12.20732657,698.4375,5
837,0.333333333,837,837,8.013482685,698.4375,4
838.001,0.25,838,838,14.43550406,698.4375,3
839,0.166666667,839,839,14.01893116,698.4375,2
840.001,0.166666667,840,840,7.772999111,698.4375,2
841.001,0.5,841,841,5.994658759,698.4375,6
842.001,0.333333333,842,842,11.99610726,698.4375,4
843.001,0.166666667,843,843,10.00236756,698.4375,2
844.001,0.333333333,844,844,7.004703659,698.4375,4
845.001,0.5,845,845,7.768997085,698.4375,6
846.001,0.333333333,846,846,8.00765612,698.4375,4
847,0.083333333,847,847,8.882262721,698.4375,1
848.001,0.166666667,848,848,8.015798337,698.4375,2
849.001,0.5,849,849,9.997416223,698.4375,6
850,0.166666667,850,850,2.215867361,698.4375,2
851.001,0.166666667,851,851,9.015028052,698.4375,2
852.001,0,852,852,8.997077749,698.4375,0
853,0.166666667,853,853,19.01263009,698.4375,2
854.001,0.25,854,854,11.99650302,698.4375,3
855.001,0.083333333,855,855,7.772390647,698.4375,1
856,0.083333333,856,856,8.01166017,698.4375,1
857.001,0,857,857,15.53421844,698.4375,0
858.001,0.333333333,858,858,9.997930428,698.4375,4
859.001,0.083333333,859,859,6.997720143,699.6015625,1
860.001,0.416666667,860,860,7.007621489,698.4375,5
861,0,861,861,10.99606781,698.4375,0
862.001,0.25,862,862,12.21560679,698.8255208,3
863.001,0.166666667,863,863,6.662287323,698.8255208,2
864,0,864,864,11.0297605,698.8255208,0
865.001,0.166666667,865,865,13.29467979,699.2135417,2
866.001,0.083333333,866,866,7.007106608,699.2135417,1
867.001,0,867,867,12.02328429,698.8255208,0
868.001,0.083333333,868,868,7.764065575,698.8255208,1
869.001,0.333333333,869,869,7.99573028,698.4375,4
870,0.083333333,870,870,4.004742416,698.8255208,1
871.001,0.333333333,871,871,4.443622868,698.4375,4
872.001,0.166666667,872,872,8.888019838,698.4375,2
873,0.333333333,873,873,10.99547646,698.8255208,4
874.001,0,874,874,3.001909515,698.4375,0
875,0.083333333,875,875,11.08907589,698.4375,1
876.002,0.166666667,876,876,11.0226648,698.4375,2
877.001,0.166666667,877,877,8.866157047,698.4375,2
878,0.166666667,878,878,11.11069261,698.4375,2
879.001,0,879,879,16.02176717,698.8255208,0
880,0.25,880,880,8.005542237,698.4375,3
881.001,0.166666667,881,881,5.548860547,698.4375,2
882.001,0.25,882,882,8.016670667,698.4375,3
883.001,0.416666667,883,883,13.99326085,699.2135417,5
884.001,0,884,884,6.990771483,699.2135417,0
885,0.166666667,885,885,9.006034944,698.4375,2
886.001,0.5,886,886,9.991512765,698.4375,6
887.001,0.083333333,887,887,8.017584969,698.4375,1
888.001,0.333333333,888,888,11.10342507,698.8255208,4
889.001,0,889,889,9.99344652,698.4375,0
890.001,0.166666667,890,890,11.98447531,698.4375,2
891.001,0.083333333,891,891,10.01679917,698.4375,1
892.001,0,892,892,7.764146525,698.4375,0
893,0.25,893,893,6.010203523,698.4375,3
894.001,0.25,894,894,7.772394962,698.4375,3
895.001,0.166666667,895,895,7.772668544,698.4375,2
896,0.25,896,896,12.0080502,698.8255208,3
897.001,0.333333333,897,897,4.006680338,698.4375,4
898,0.25,898,898,11.09973265,698.8255208,3
899.001,0.083333333,899,899,6.997496995,698.4375,1
900.001,0.416666667,900,900,5.001892716,698.4375,5
901,0.333333333,901,901,7.776676082,698.8255208,4
902.001,0.083333333,902,902,11.103737,698.4375,1
903.001,0.083333333,903,903,7.997416035,698.4375,1
904.001,0.083333333,904,904,5.546135137,698.8255208,1
905,0,905,905,12.0123006,698.4375,0
906,0.166666667,906,906,11.09165635,698.4375,2
907.001,0,907,907,10.01351725,698.4375,0
908.001,0,908,908,6.995389339,698.4375,0
909,0.166666667,909,909,7.995535293,698.4375,2
910.001,0.25,910,910,5.003375778,698.4375,3
911,0.166666667,911,911,6.002152972,698.4375,2
912.001,0,912,912,7.772750535,698.4375,0
913.001,0.166666667,913,913,9.005952034,698.4375,2
914,0.333333333,914,914,8.87330244,698.4375,4
915,0,915,915,8.011562287,698.4375,0
916.001,0,916,916,6.002304285,698.8255208,0
917,0.25,917,917,6.664834578,699.2135417,3
918.001,0.083333333,918,918,9.993490906,699.6015625,1
919.001,0.25,919,919,7.011696913,698.4375,3
920.001,0.25,920,920,6.659559437,698.8255208,3
921,0.083333333,921,921,7.763777961,698.4375,1
922.001,0,922,922,4.001254794,698.4375,0
923,0.166666667,923,923,10.99347757,698.8255208,2
924.001,0,924,924,11.01840625,698.4375,0
925,0.083333333,925,925,15.0051933,698.8255208,1
926.001,0.25,926,926,9.984507373,698.4375,3
927,0,927,927,5.010904731,698.4375,0
928.001,0.166666667,928,928,2.220801156,698.4375,2
929.001,0.166666667,929,929,12.21708969,698.4375,2
930,0,930,930,12.21959229,698.4375,0
931.001,0.166666667,931,931,8.997809034,698.4375,2
932,0.166666667,932,932,8.883091191,698.4375,2
933.001,0.166666667,933,933,12.01673089,698.4375,2
934.001,0,934,934,9.988144073,698.4375,0
935.001,0,935,935,10.01671489,698.4375,0
936.001,0.166666667,936,936,5.548263288,698.4375,2
937,0.25,937,937,10.00641011,699.6015625,3
938.001,0.666666667,938,938,10.98140957,699.2135417,8
939.001,0,939,939,11.01835989,698.8255208,0
940.001,0.333333333,940,940,8.887218092,698.8255208,4
941,0.25,941,941,3.331136264,698.8255208,3
942,0.25,942,942,5.998228123,698.4375,3
943.001,0.333333333,943,943,8.88859754,698.4375,4
944,0.25,944,944,10.0067135,698.4375,3
945,0,945,945,7.776460964,698.4375,0
946,0,946,946,9.0040257,698.4375,0
947.001,0,947,947,12.21419885,698.4375,0
948,0.333333333,948,948,7.007733033,698.4375,4
949.001,0.166666667,949,949,6.652199611,698.4375,2
950.001,0,950,950,10.00197239,699.2135417,0
951,0.333333333,951,951,4.012935698,698.4375,4
952.001,0.25,952,952,11.09789968,698.4375,3
953,0.25,953,953,9.988761533,698.4375,3
954.002,0.083333333,954,954,7.766651618,698.8255208,1
955.001,0.166666667,955,955,9.017022335,698.8255208,2
956.001,0.166666667,956,956,8.880267136,698.8255208,2
957.001,0,957,957,8.886943636,698.4375,0
958.001,0,958,958,9.005603286,698.4375,0
959,0.166666667,959,959,8.873382161,698.4375,2
960.001,0.083333333,960,960,10.01372982,698.4375,1
961.001,0.25,961,961,6.010147533,698.4375,3
962.001,0.083333333,962,962,7.772628843,698.4375,1
963.001,0.083333333,963,963,3.326199006,699.2135417,1
964.001,0,964,964,9.011636727,698.4375,0
965.001,0.083333333,965,965,12.21564342,698.4375,1
966.001,0.083333333,966,966,4.441527841,698.4375,1
967,0.083333333,967,967,2.003335955,698.8255208,1
968.001,0.333333333,968,968,7.99742323,698.4375,4
969.001,0.166666667,969,969,13.32496378,698.4375,2
970.001,0,970,970,10.01280638,698.8255208,0
971,0.25,971,971,8.881330876,698.4375,3
972.001,0.166666667,972,972,15.52812426,698.8255208,2
973.001,0.333333333,973,973,2.000620793,699.2135417,4
974.001,0,974,974,4.005213988,699.6015625,0
975.001,0.083333333,975,975,8.994142115,699.2135417,1
976,0.166666667,976,976,8.880127163,698.8255208,2
977,0.083333333,977,977,13.99931683,698.4375,1
978.001,0.166666667,978,978,9.023772226,698.4375,2
979.001,0.333333333,979,979,4.435152308,699.2135417,4
980,0.083333333,980,980,7.992223566,698.8255208,1
981,0,981,981,4.00560384,698.4375,0
982.001,0.083333333,982,982,4.438768739,698.4375,1
983.001,0.25,983,983,3.002214734,698.4375,3
984,0,984,984,7.997157011,698.4375,0
985.001,0,985,985,7.997448014,698.4375,0
986,0.166666667,986,986,8.005571878,698.4375,2
987.001,0,987,987,6.996082194,698.4375,0
988,0.083333333,988,988,7.00769515,698.4375,1
989.001,0.083333333,989,989,9.992498964,698.4375,1
990.001,0,990,990,12.00793604,698.4375,0
991.001,0,991,991,10.00463615,698.4375,0
992,0.083333333,992,992,12.003469,698.4375,1
993.001,0.083333333,993,993,3.331134045,698.8255208,1
994.001,0.166666667,994,994,9.015052433,698.8255208,2
995,0.083333333,995,995,8.883357518,699.2135417,1
996.001,0,996,996,9.996445264,698.4375,0
997.001,0.083333333,997,997,10.99643276,698.4375,1
998.001,0,998,998,12.9913971,699.2135417,0
999,0,999,999,8.005364395,699.6015625,0
1000,0.083333333,1000,1000,6.997739031,699.2135417,1
1001.001,0,1001,1001,7.011691294,698.8255208,0
1002.001,0.083333333,1002,1002,6.643640547,698.4375,1
1003,0.166666667,1003,1003,7.001760943,699.2135417,2
1004.001,0,1004,1004,6.009834493,698.4375,0
1005.001,0,1005,1005,8.887375073,698.4375,0
1006,0.083333333,1006,1006,11.10982607,698.4375,1
1007.001,0,1007,1007,6.004029905,698.4375,0
1008.001,0.166666667,1008,1008,9.977188821,698.4375,2
1009,0,1009,1009,4.003913024,698.4375,0
1010.001,0,1010,1010,13.00894105,698.4375,0
1011.001,0.083333333,1011,1011,3.33280749,698.8255208,1
1012,0.166666667,1012,1012,18.87647865,698.4375,2
1013.001,0.083333333,1013,1013,6.004642189,698.4375,1
1014,0,1014,1014,9.987422506,698.8255208,0
1015.002,0,1015,1015,6.006094985,698.4375,0
1016.001,0,1016,1016,4.432183056,698.4375,0
1017.001,0,1017,1017,8.000616047,698.8255208,0
1018.001,0.083333333,1018,1018,9.991404062,698.4375,1
1019.001,0,1019,1019,9.998176333,698.8255208,0
1020,0.083333333,1020,1020,11.00828373,699.6015625,1
1021,0.083333333,1021,1021,6.662685342,698.8255208,1
1022.001,0.166666667,1022,1022,13.0351349,698.4375,2
1023.001,2.333333333,1023,1023,8.875046774,698.4375,28
