Time t / s,Events N,Channel n,Energy E / keV,Voltage U / V,Rate R / 1/s,Dead time t / %
0,0,0,0,698.4375,,
1,0,1,1,699.6015625,7.391606577,0.051741246
2,0,2,2,699.2135417,17.03668339,0.119256784
3.001,0,3,3,699.2135417,7.767822881,0.05437476
4.001,0,4,4,699.6015625,8.87904893,0.062153343
5,0,5,5,699.2135417,8.012899968,0.0560903
6,0,6,6,699.2135417,10.00756171,0.070052932
7,0,7,7,699.2135417,7.773875292,0.054417127
7.999,0,8,8,698.4375,7.765690911,0.054359836
9.001,0,9,9,699.6015625,17.03165674,0.119221597
10,0,10,10,699.2135417,8.874865615,0.062124059
11,0,11,11,699.2135417,12.01615211,0.084113065
12.001,0,12,12,698.8255208,6.661714052,0.046631998
12.999,0,13,13,699.6015625,12.98208602,0.090874602
14,0,14,14,699.6015625,9.012864963,0.063090055
15,0,15,15,698.8255208,21.97032907,0.153792303
16,0,16,16,698.8255208,12.02481441,0.084173701
17.001,0,17,17,699.2135417,8.997383561,0.062981685
18,0.333333333,18,18,699.2135417,7.7725201,0.054407641
19,0.666666667,19,19,698.8255208,6.663147044,0.046642029
20,1,20,20,699.2135417,11.1025683,0.077717978
21.001,2,21,21,698.8255208,9.997158585,0.06998011
22,2.333333333,22,22,698.8255208,10.00505355,0.070035375
23.001,1.333333333,23,23,699.6015625,11.10730131,0.077751109
24,1.333333333,24,24,698.8255208,8.87556174,0.062128932
25,0.333333333,25,25,698.4375,4.003483832,0.028024387
25.999,1.666666667,26,26,699.6015625,13.33248154,0.093327371
27.001,1.666666667,27,27,698.4375,14.0209501,0.098146651
28,2,28,28,699.6015625,14.42481388,0.100973697
28.999,3,29,29,699.6015625,7.777575561,0.054443029
30,2.666666667,30,30,699.2135417,11.00579785,0.077040585
31.001,1,31,31,699.6015625,14.01075185,0.098075263
32.001,2,32,32,699.2135417,9.98588329,0.069901183
33,0,33,33,699.6015625,9.999095637,0.069993669
34,2.666666667,34,34,699.6015625,18.86803552,0.132076249
35,1,35,35,699.2135417,8.998989413,0.062992926
35.999,1.333333333,36,36,698.8255208,9.999992222,0.069999946
37,1.666666667,37,37,699.6015625,12.22112368,0.085547866
38,0.666666667,38,38,699.2135417,14.4317397,0.101022178
38.999,2,39,39,698.8255208,7.992740194,0.055949181
40.001,1,40,40,698.4375,10.00488939,0.070034226
41,1.666666667,41,41,698.8255208,13.00029511,0.091002066
42,1.666666667,42,42,699.2135417,16.66295268,0.116640669
43,1.666666667,43,43,699.6015625,9.011408443,0.063079859
44.001,3,44,44,699.6015625,4.99706822,0.034979478
45,1.666666667,45,45,698.8255208,13.32296511,0.093260756
46,1,46,46,699.6015625,12.00356866,0.084024981
47.001,3.666666667,47,47,699.6015625,4.995932312,0.034971526
48,1.333333333,48,48,699.6015625,12.02094168,0.084146592
49.001,0.666666667,49,49,698.4375,9.988668411,0.069920679
50,1,50,50,699.6015625,11.00081516,0.077005706
51.001,3.666666667,51,51,699.6015625,6.658794492,0.046611561
52,2.333333333,52,52,699.6015625,9.017756865,0.063124298
53,0.666666667,53,53,699.2135417,8.880135049,0.062160945
54,1.666666667,54,54,699.6015625,9.996402406,0.069974817
55.001,1.666666667,55,55,699.6015625,13.9944526,0.097961168
56,3.666666667,56,56,699.6015625,14.01496518,0.098104756
57.001,1.333333333,57,57,699.6015625,13.32382161,0.093266751
58,3,58,58,699.6015625,11.02202421,0.077154169
59.001,1.333333333,59,59,699.6015625,17.77348449,0.124414391
60.001,2.666666667,60,60,699.6015625,7.774378647,0.054420651
61,2.333333333,61,61,699.6015625,11.00204088,0.077014286
62.001,1.333333333,62,62,699.6015625,15.55465166,0.108882562
63.001,1.666666667,63,63,699.6015625,15.01058697,0.105074109
64.001,3,64,64,699.2135417,11.08424045,0.077589683
65,2,65,65,698.4375,13.01891518,0.091132406
66.001,2.333333333,66,66,699.6015625,17.76665585,0.124366591
67.001,3,67,67,699.2135417,12.00632493,0.084044275
68.001,2.333333333,68,68,699.6015625,17.00664279,0.1190465
69,2.666666667,69,69,699.6015625,12.21419614,0.085499373
70.001,2,70,70,699.6015625,11.99534221,0.083967395
71.001,1.333333333,71,71,699.6015625,14.0179935,0.098125954
72.001,4,72,72,699.2135417,13.32487796,0.093274146
73.001,2.666666667,73,73,698.8255208,12.21854037,0.085529783
74.001,4,74,74,699.6015625,7.770060381,0.054390423
75,2.333333333,75,75,699.6015625,8.868962301,0.062082736
76,3,76,76,699.2135417,11.01571281,0.07710999
77.001,5,77,77,699.6015625,11.08625818,0.077603807
78.001,4.666666667,78,78,699.2135417,7.006584788,0.049046094
79.001,5,79,79,699.6015625,8.882784442,0.062179491
80.001,5.333333333,80,80,699.6015625,5.008678036,0.035060746
81,3.333333333,81,81,699.6015625,18.86343583,0.132044051
82.001,4.666666667,82,82,699.6015625,10.02506266,0.070175439
83.001,4,83,83,699.6015625,7.753851116,0.054276958
84.001,5,84,84,699.6015625,8.00372093,0.056026047
85,5,85,85,699.6015625,12.0058,0.0840406
86,5.666666667,86,86,699.6015625,9.994171177,0.069959198
87,5.333333333,87,87,699.6015625,10.00213746,0.070014962
88,4,88,88,699.6015625,11.02116284,0.07714814
89,5,89,89,699.2135417,9.996814348,0.0699777
90.001,5.333333333,90,90,699.6015625,14.43042128,0.101012949
91.001,4.333333333,91,91,699.2135417,10.97809431,0.07684666
92,4.666666667,92,92,699.6015625,10.01401361,0.070098095
93,3,93,93,699.6015625,11.09767799,0.077683746
94,4.666666667,94,94,698.4375,11.01477412,0.077103419
95,5.666666667,95,95,699.6015625,11.10640076,0.077744805
96,2.333333333,96,96,699.6015625,15.54237562,0.108796629
97.001,3.333333333,97,97,699.2135417,11.98728988,0.083911029
98,4.666666667,98,98,699.2135417,15.02026685,0.105141868
99,4.666666667,99,99,699.6015625,13.31033308,0.093172332
100,5,100,100,699.2135417,15.00498315,0.105034882
101,4.666666667,101,101,698.8255208,9.993297828,0.069953085
102,5.666666667,102,102,699.2135417,17.00619366,0.119043356
103,3.333333333,103,103,698.8255208,12.00456414,0.084031949
104,3,104,104,698.8255208,16.01297051,0.112090794
105.001,3.333333333,105,105,699.6015625,12.98628259,0.090903978
106,4.333333333,106,106,698.8255208,10.99676475,0.076977353
107,5.333333333,107,107,699.6015625,17.020128,0.119140896
108.001,2.333333333,108,108,699.6015625,5.549805341,0.038848637
109,3,109,109,699.6015625,10.99836124,0.076988529
110,4,110,110,698.8255208,14.02405827,0.098168408
111.001,5,111,111,699.6015625,8.881507369,0.062170552
112,2,112,112,699.6015625,9.998182553,0.069987278
113.001,3.666666667,113,113,698.8255208,10.00358428,0.07002509
114,4.333333333,114,114,698.4375,13.00952297,0.091066661
115,4.666666667,115,115,699.6015625,7.994174645,0.055959223
116,6,116,116,699.6015625,12.97987082,0.090859096
117,2.333333333,117,117,698.8255208,10.01340294,0.070093821
118,2.666666667,118,118,698.8255208,12.21731358,0.085521195
119,2,119,119,699.2135417,9.0168263,0.063117784
120.001,4.666666667,120,120,699.6015625,13.31956682,0.093236968
121,3.333333333,121,121,699.2135417,11.09878653,0.077691506
122.001,4,122,122,699.2135417,14.43265136,0.10102856
123,4.333333333,123,123,699.6015625,14.42296064,0.100960725
124,4,124,124,699.6015625,10.00320202,0.070022414
125.001,4.333333333,125,125,699.6015625,11.00309077,0.077021635
126,3.666666667,126,126,699.6015625,5.002912195,0.035020385
127,3.333333333,127,127,699.6015625,9.984699003,0.069892893
128,4.333333333,128,128,699.6015625,15.01220192,0.105085413
129,3.666666667,129,129,699.6015625,18.87274849,0.132109239
130,3.333333333,130,130,699.6015625,15.00772147,0.10505405
131.001,4,131,131,699.6015625,9.010496327,0.063073474
132,1.666666667,132,132,699.6015625,16.64828696,0.116538009
133.001,1.666666667,133,133,699.6015625,13.99486109,0.097964028
134,5.666666667,134,134,698.4375,9.988305913,0.069918141
135.001,3.333333333,135,135,698.4375,11.03738251,0.077261678
136,2.666666667,136,136,699.6015625,8.872266205,0.062105863
137,4.333333333,137,137,699.6015625,12.99142826,0.090939998
138.002,2.333333333,138,138,699.6015625,10.00366935,0.070025685
139.001,5,139,139,699.2135417,12.99830762,0.090988153
140.001,3.333333333,140,140,699.2135417,12.02277113,0.084159398
141,3.666666667,141,141,699.6015625,11.09611656,0.077672816
142,3,142,142,699.6015625,9.994518562,0.06996163
143,4,143,143,699.2135417,15.01422598,0.105099582
144,4,144,144,699.6015625,13.31525565,0.09320679
145.001,3.333333333,145,145,698.8255208,6.009680393,0.042067763
146.001,2.666666667,146,146,699.2135417,13.32813536,0.093296948
147,2.333333333,147,147,699.6015625,12.21160355,0.085481225
148.001,4.333333333,148,148,699.2135417,19.00982428,0.13306877
149,3,149,149,699.2135417,7.992142126,0.055944995
150.001,4.333333333,150,150,699.6015625,14.00240981,0.098016869
151.001,3,151,151,698.8255208,10.01002504,0.070070175
152,2.333333333,152,152,698.8255208,6.657649989,0.04660355
153,3,153,153,699.2135417,7.006970534,0.049048794
154.001,5.333333333,154,154,699.6015625,11.01683814,0.077117867
155.001,1.666666667,155,155,699.6015625,14.43798585,0.101065901
156.001,2.666666667,156,156,699.2135417,15.53777861,0.10876445
157,2.333333333,157,157,699.2135417,16.64366697,0.116505669
158.001,2,158,158,699.6015625,9.001649102,0.063011544
159,3,159,159,698.4375,11.01117965,0.077078258
160.001,1.666666667,160,160,699.6015625,15.01055092,0.105073856
161,2.666666667,161,161,699.6015625,11.09906369,0.077693446
162.001,2.666666667,162,162,698.4375,17.98057379,0.125864017
163.001,3.333333333,163,163,698.8255208,10.01921485,0.070134504
164.001,1.333333333,164,164,699.2135417,14.4433644,0.101103551
165.001,3.333333333,165,165,699.6015625,6.988518563,0.04891963
166.001,2.333333333,166,166,699.6015625,8.014259772,0.056099818
167.001,5,167,167,699.6015625,8.99859352,0.062990155
168,1.666666667,168,168,698.4375,15.53251049,0.108727573
169.001,2.333333333,169,169,699.6015625,15.54799577,0.10883597
170.001,2.333333333,170,170,699.6015625,14.43153143,0.10102072
171,2,171,171,699.2135417,8.022993901,0.056160957
172,2.333333333,172,172,699.6015625,5.542482072,0.038797375
173,3,173,173,699.6015625,14.43951736,0.101076622
174.001,2,174,174,698.8255208,9.012599614,0.063088197
175,3.666666667,175,175,699.6015625,9.988009949,0.06991607
176,2.333333333,176,176,699.6015625,10.99546547,0.076968258
177.001,3.666666667,177,177,699.6015625,9.995429867,0.069968009
178,2.333333333,178,178,699.6015625,13.01132115,0.091079248
179.001,3,179,179,699.6015625,5.003192537,0.035022348
180,2.666666667,180,180,699.2135417,4.439490959,0.031076437
181.001,1.333333333,181,181,699.6015625,6.006656577,0.042046596
182.001,3,182,182,699.6015625,11.09081984,0.077635739
183,4.333333333,183,183,699.6015625,15.03638052,0.105254664
184.001,5.333333333,184,184,699.6015625,8.878201507,0.062147411
185.001,2.333333333,185,185,699.6015625,12.21289157,0.085490241
186.001,2.666666667,186,186,699.6015625,10.00665543,0.070046588
187,2.333333333,187,187,698.8255208,7.000240108,0.049001681
188,4.333333333,188,188,699.2135417,7.772830803,0.054409816
189.001,2,189,189,699.2135417,12.00514661,0.084036026
190,2.333333333,190,190,699.6015625,11.9910379,0.083937265
191,1.666666667,191,191,698.4375,8.004885382,0.056034198
192.001,2.666666667,192,192,699.2135417,6.663801972,0.046646614
193,5.666666667,193,193,698.8255208,12.00506013,0.084035421
194,4.666666667,194,194,698.4375,8.879118898,0.062153832
195.001,3,195,195,699.6015625,16.00457891,0.112032052
196,2.333333333,196,196,699.6015625,11.0027793,0.077019455
197,1.666666667,197,197,698.8255208,7.002331776,0.049016322
198,1.666666667,198,198,699.6015625,10.01354933,0.070094845
199.001,1,199,199,699.2135417,14.4393682,0.101075577
200,4.666666667,200,200,698.4375,14.43695006,0.10105865
201.001,2.333333333,201,201,699.6015625,14.97587686,0.104831138
202.001,2.666666667,202,202,699.6015625,18.04430599,0.126310142
203,2,203,203,699.2135417,8.875001484,0.06212501
204,1.666666667,204,204,699.6015625,12.99497614,0.090964833
205.001,2.333333333,205,205,699.6015625,13.99847417,0.097989319
206.001,2.666666667,206,206,699.6015625,8.886545803,0.062205821
207,0.666666667,207,207,699.6015625,11.02526108,0.077176828
208,3.333333333,208,208,699.6015625,9.982129769,0.069874908
209.001,0.333333333,209,209,699.6015625,18.01332085,0.126093246
210.001,1.666666667,210,210,699.6015625,9.992880073,0.069950161
211.001,3,211,211,699.6015625,11.00080966,0.077005668
212.001,1.666666667,212,212,698.8255208,12.20828714,0.08545801
213,1.333333333,213,213,699.6015625,20.01352714,0.14009469
214,2.666666667,214,214,699.2135417,11.99555924,0.083968915
215,2.666666667,215,215,699.6015625,12.01908631,0.084133604
216,2.333333333,216,216,698.8255208,8.881243125,0.062168702
217,2,217,217,699.2135417,9.017743312,0.063124203
218,1.333333333,218,218,698.8255208,13.30616215,0.093143135
219,1,219,219,698.8255208,6.993861488,0.04895703
220,3.333333333,220,220,699.2135417,10.0120916,0.070084641
221.001,1.666666667,221,221,701.1536458,15.53848049,0.108769363
222,1.333333333,222,222,699.6015625,9.004194154,0.063029359
223.001,1.666666667,223,223,698.8255208,4.43552067,0.031048645
224,1,224,224,698.8255208,15.03835533,0.105268487
225,3.333333333,225,225,699.6015625,17.75812348,0.124306864
226,1.666666667,226,226,699.6015625,6.662341327,0.046636389
227.001,2.333333333,227,227,699.2135417,12.00679104,0.084047537
228.001,1.333333333,228,228,698.8255208,15.55259365,0.108868156
229,0.666666667,229,229,698.8255208,6.000685878,0.042004801
230,2.666666667,230,230,698.4375,12.21957872,0.085537051
231.001,2.333333333,231,231,699.2135417,21.0035517,0.147024862
232,1.666666667,232,232,699.6015625,14.98791375,0.104915396
233.001,2.666666667,233,233,699.6015625,14.02122252,0.098148558
234,1.666666667,234,234,699.2135417,9.984094229,0.06988866
235.001,2.666666667,235,235,698.8255208,12.21492448,0.085504471
236.001,1.666666667,236,236,699.2135417,11.02062179,0.077144353
237,1.333333333,237,237,699.6015625,14.99574571,0.10497022
238.001,1,238,238,699.6015625,11.08846231,0.077619236
239,1.666666667,239,239,699.2135417,6.010399193,0.042072794
240,1,240,240,698.4375,14.02357082,0.098164996
241,2.666666667,241,241,698.4375,11.10837722,0.077758641
242,1,242,242,699.6015625,5.545106726,0.038815747
243,1.666666667,243,243,699.6015625,6.664213496,0.046649494
244.001,0.666666667,244,244,699.6015625,17.77042872,0.124393001
245,1.666666667,245,245,699.2135417,9.007875586,0.063055129
246.001,1.333333333,246,246,698.8255208,13.99166097,0.097941627
247,3.333333333,247,247,699.6015625,11.01202293,0.07708416
248.001,2.333333333,248,248,698.8255208,18.00663364,0.126046436
249.001,2.333333333,249,249,699.2135417,10.99051628,0.076933614
250,3.333333333,250,250,699.6015625,5.00735731,0.035051501
251.001,1.333333333,251,251,699.2135417,11.01152025,0.077080642
252.001,2,252,252,699.6015625,13.32430981,0.093270169
253.001,1.666666667,253,253,699.2135417,8.872438402,0.062107069
254,1,254,254,699.2135417,4.439622028,0.031077354
255,1,255,255,699.6015625,7.015469109,0.049108284
256,0.666666667,256,256,699.6015625,18.83630421,0.131854129
257,0.333333333,257,257,699.6015625,15.03107374,0.105217516
258,1,258,258,699.2135417,9.991658076,0.069941607
259.001,1.666666667,259,259,699.2135417,14.42876198,0.101001334
260.001,0.333333333,260,260,699.2135417,14.01450501,0.098101535
261,1.666666667,261,261,699.6015625,7.008198892,0.049057392
262,1.666666667,262,262,699.6015625,8.990617392,0.062934322
263,1.333333333,263,263,699.6015625,13.33171131,0.093321979
264,0.666666667,264,264,699.2135417,13.98223697,0.097875659
265,1.333333333,265,265,699.2135417,7.00930766,0.049065154
266.001,0.333333333,266,266,699.6015625,11.09745508,0.077682186
267,1.666666667,267,267,698.8255208,16.00597503,0.112041825
268,0.666666667,268,268,699.6015625,15.0076494,0.105053546
269,2,269,269,699.6015625,13.00173443,0.091012141
270.001,1,270,270,699.6015625,17.77503055,0.124425214
271.001,1.333333333,271,271,699.6015625,8.888015888,0.062216111
272,2,272,272,699.6015625,13.32203477,0.093254243
273.001,3.333333333,273,273,699.6015625,14.01276984,0.098089389
274,1.333333333,274,274,699.2135417,11.00686498,0.077048055
275,0.666666667,275,275,699.6015625,6.659208353,0.046614458
276,0.666666667,276,276,699.6015625,16.00082884,0.112005802
277,0.666666667,277,277,699.6015625,19.03028289,0.13321198
278,3.666666667,278,278,699.2135417,7.766275923,0.054363931
279,1.333333333,279,279,699.6015625,16.64039518,0.116482766
280,0.666666667,280,280,699.6015625,15.0112945,0.105079061
281,1,281,281,699.6015625,14.02096134,0.098146729
282,2.333333333,282,282,699.6015625,13.01068437,0.091074791
283,1.333333333,283,283,699.2135417,11.08661585,0.077606311
284,1,284,284,699.6015625,13.98887045,0.097922093
285.001,1.666666667,285,285,699.6015625,7.773035363,0.054411248
286,1.666666667,286,286,699.2135417,8.003102002,0.056021714
287.001,0.666666667,287,287,699.6015625,14.4297021,0.101007915
288.001,1.666666667,288,288,699.6015625,8.881397923,0.062169785
289.001,0.666666667,289,289,699.6015625,13.00915845,0.091064109
290.001,2.333333333,290,290,698.8255208,13.02193023,0.091153512
291.001,1,291,291,699.2135417,5.54656642,0.038825965
292,1.333333333,292,292,699.6015625,13.01178608,0.091082503
293,0.666666667,293,293,698.4375,15.55537062,0.108887594
294,0.666666667,294,294,698.8255208,14.97509492,0.104825664
294.999,2.333333333,295,295,699.6015625,7.02095615,0.049146693
296,0.666666667,296,296,699.6015625,13.28336721,0.09298357
297,0.333333333,297,297,699.6015625,11.01120831,0.077078458
297.999,1,298,298,699.6015625,12.98966802,0.090927676
299.001,0.333333333,299,299,699.6015625,12.00482474,0.084033773
300,1.333333333,300,300,699.2135417,9.016750417,0.063117253
,1,301,301,,,
,0.666666667,302,302,,,
,1.666666667,303,303,,,
,0.666666667,304,304,,,
,1.333333333,305,305,,,
,0.666666667,306,306,,,
,1,307,307,,,
,1,308,308,,,
,0.666666667,309,309,,,
,1,310,310,,,
,0.333333333,311,311,,,
,1,312,312,,,
,1.666666667,313,313,,,
,1.333333333,314,314,,,
,1.333333333,315,315,,,
,1.333333333,316,316,,,
,0.666666667,317,317,,,
,0.666666667,318,318,,,
,0.333333333,319,319,,,
,0.333333333,320,320,,,
,2,321,321,,,
,0.333333333,322,322,,,
,1,323,323,,,
,1.333333333,324,324,,,
,2.333333333,325,325,,,
,1.333333333,326,326,,,
,1.333333333,327,327,,,
,0,328,328,,,
,2.333333333,329,329,,,
,1,330,330,,,
,1.666666667,331,331,,,
,0.666666667,332,332,,,
,1.666666667,333,333,,,
,0.333333333,334,334,,,
,1,335,335,,,
,1,336,336,,,
,1.666666667,337,337,,,
,0.666666667,338,338,,,
,1.333333333,339,339,,,
,0.333333333,340,340,,,
,2.333333333,341,341,,,
,1.333333333,342,342,,,
,1.333333333,343,343,,,
,2.333333333,344,344,,,
,0.333333333,345,345,,,
,1,346,346,,,
,1,347,347,,,
,1,348,348,,,
,2,349,349,,,
,0.666666667,350,350,,,
,0.666666667,351,351,,,
,1.333333333,352,352,,,
,0.666666667,353,353,,,
,1,354,354,,,
,2,355,355,,,
,1.333333333,356,356,,,
,0.666666667,357,357,,,
,0,358,358,,,
,1,359,359,,,
,0,360,360,,,
,0.333333333,361,361,,,
,1.333333333,362,362,,,
,1,363,363,,,
,0.333333333,364,364,,,
,1,365,365,,,
,0.333333333,366,366,,,
,1,367,367,,,
,0.333333333,368,368,,,
,1,369,369,,,
,0,370,370,,,
,0.666666667,371,371,,,
,0.333333333,372,372,,,
,0.333333333,373,373,,,
,0.666666667,374,374,,,
,0.333333333,375,375,,,
,1.333333333,376,376,,,
,0.333333333,377,377,,,
,1,378,378,,,
,1,379,379,,,
,0.666666667,380,380,,,
,0.333333333,381,381,,,
,0.333333333,382,382,,,
,0.666666667,383,383,,,
,1,384,384,,,
,0,385,385,,,
,1.333333333,386,386,,,
,0.666666667,387,387,,,
,0.333333333,388,388,,,
,0,389,389,,,
,0.333333333,390,390,,,
,1.333333333,391,391,,,
,1.333333333,392,392,,,
,0,393,393,,,
,0.333333333,394,394,,,
,1.333333333,395,395,,,
,1.666666667,396,396,,,
,1,397,397,,,
,1.333333333,398,398,,,
,0.333333333,399,399,,,
,1,400,400,,,
,0.666666667,401,401,,,
,0.333333333,402,402,,,
,0,403,403,,,
,1.333333333,404,404,,,
,0.333333333,405,405,,,
,0.333333333,406,406,,,
,0.333333333,407,407,,,
,1,408,408,,,
,0.666666667,409,409,,,
,0,410,410,,,
,0,411,411,,,
,0.333333333,412,412,,,
,0.333333333,413,413,,,
,0,414,414,,,
,0.666666667,415,415,,,
,0.666666667,416,416,,,
,0.333333333,417,417,,,
,0.333333333,418,418,,,
,1,419,419,,,
,0.666666667,420,420,,,
,0.333333333,421,421,,,
,1.333333333,422,422,,,
,1.333333333,423,423,,,
,0,424,424,,,
,0.333333333,425,425,,,
,0.666666667,426,426,,,
,1.666666667,427,427,,,
,1.333333333,428,428,,,
,0.333333333,429,429,,,
,0.333333333,430,430,,,
,0,431,431,,,
,0.333333333,432,432,,,
,0.666666667,433,433,,,
,0.666666667,434,434,,,
,1,435,435,,,
,0.333333333,436,436,,,
,0.333333333,437,437,,,
,0.333333333,438,438,,,
,0.333333333,439,439,,,
,0.333333333,440,440,,,
,0.666666667,441,441,,,
,0.333333333,442,442,,,
,0.666666667,443,443,,,
,1,444,444,,,
,0.333333333,445,445,,,
,0.666666667,446,446,,,
,1.333333333,447,447,,,
,0.333333333,448,448,,,
,1,449,449,,,
,0.333333333,450,450,,,
,0.666666667,451,451,,,
,0.333333333,452,452,,,
,0,453,453,,,
,1,454,454,,,
,0,455,455,,,
,1,456,456,,,
,1,457,457,,,
,1.333333333,458,458,,,
,1,459,459,,,
,0,460,460,,,
,0.666666667,461,461,,,
,0.333333333,462,462,,,
,0.333333333,463,463,,,
,0,464,464,,,
,1,465,465,,,
,0.666666667,466,466,,,
,1,467,467,,,
,0,468,468,,,
,0,469,469,,,
,0.333333333,470,470,,,
,0.666666667,471,471,,,
,1.333333333,472,472,,,
,1,473,473,,,
,2,474,474,,,
,1,475,475,,,
,1.333333333,476,476,,,
,1,477,477,,,
,0.333333333,478,478,,,
,1,479,479,,,
,1.333333333,480,480,,,
,1.666666667,481,481,,,
,0,482,482,,,
,1,483,483,,,
,0.333333333,484,484,,,
,0.666666667,485,485,,,
,0.666666667,486,486,,,
,2,487,487,,,
,1,488,488,,,
,0.666666667,489,489,,,
,0.333333333,490,490,,,
,0.666666667,491,491,,,
,0.666666667,492,492,,,
,0.333333333,493,493,,,
,1.333333333,494,494,,,
,0.666666667,495,495,,,
,1,496,496,,,
,0.666666667,497,497,,,
,0.333333333,498,498,,,
,0.333333333,499,499,,,
,0.666666667,500,500,,,
,0.666666667,501,501,,,
,0.666666667,502,502,,,
,1,503,503,,,
,0.333333333,504,504,,,
,1,505,505,,,
,1,506,506,,,
,0.333333333,507,507,,,
,2,508,508,,,
,1,509,509,,,
,0.666666667,510,510,,,
,1,511,511,,,
,0.333333333,512,512,,,
,0.666666667,513,513,,,
,0.666666667,514,514,,,
,1,515,515,,,
,1,516,516,,,
,0.333333333,517,517,,,
,0,518,518,,,
,0.666666667,519,519,,,
,1,520,520,,,
,0.666666667,521,521,,,
,0,522,522,,,
,1,523,523,,,
,0.666666667,524,524,,,
,0.666666667,525,525,,,
,0.333333333,526,526,,,
,0.666666667,527,527,,,
,0.666666667,528,528,,,
,0.666666667,529,529,,,
,1.333333333,530,530,,,
,0.333333333,531,531,,,
,1,532,532,,,
,0,533,533,,,
,0.666666667,534,534,,,
,0.666666667,535,535,,,
,0.666666667,536,536,,,
,0.333333333,537,537,,,
,0.666666667,538,538,,,
,0.333333333,539,539,,,
,1.333333333,540,540,,,
,1,541,541,,,
,0.666666667,542,542,,,
,1,543,543,,,
,0.666666667,544,544,,,
,0,545,545,,,
,1.666666667,546,546,,,
,1.333333333,547,547,,,
,0.333333333,548,548,,,
,0.666666667,549,549,,,
,0.666666667,550,550,,,
,0.666666667,551,551,,,
,2,552,552,,,
,1,553,553,,,
,0.333333333,554,554,,,
,1.333333333,555,555,,,
,0.333333333,556,556,,,
,0.333333333,557,557,,,
,0.333333333,558,558,,,
,0.666666667,559,559,,,
,0.666666667,560,560,,,
,0.666666667,561,561,,,
,0.666666667,562,562,,,
,0.333333333,563,563,,,
,1.666666667,564,564,,,
,0.333333333,565,565,,,
,0.666666667,566,566,,,
,0.333333333,567,567,,,
,0.333333333,568,568,,,
,0.333333333,569,569,,,
,0.666666667,570,570,,,
,0.333333333,571,571,,,
,1,572,572,,,
,0.333333333,573,573,,,
,0.333333333,574,574,,,
,1.666666667,575,575,,,
,0.666666667,576,576,,,
,1.666666667,577,577,,,
,0.666666667,578,578,,,
,0.333333333,579,579,,,
,0.666666667,580,580,,,
,0.333333333,581,581,,,
,0.333333333,582,582,,,
,1.333333333,583,583,,,
,0.666666667,584,584,,,
,0.333333333,585,585,,,
,0.666666667,586,586,,,
,0.666666667,587,587,,,
,0.333333333,588,588,,,
,1.666666667,589,589,,,
,1.333333333,590,590,,,
,0.333333333,591,591,,,
,0.666666667,592,592,,,
,1.333333333,593,593,,,
,1,594,594,,,
,0.666666667,595,595,,,
,1.666666667,596,596,,,
,0,597,597,,,
,0,598,598,,,
,1,599,599,,,
,0.666666667,600,600,,,
,1.666666667,601,601,,,
,0.666666667,602,602,,,
,0.333333333,603,603,,,
,0.666666667,604,604,,,
,1,605,605,,,
,1.333333333,606,606,,,
,0.666666667,607,607,,,
,1.333333333,608,608,,,
,0.333333333,609,609,,,
,1,610,610,,,
,2.666666667,611,611,,,
,1.666666667,612,612,,,
,1,613,613,,,
,1.333333333,614,614,,,
,0.333333333,615,615,,,
,1,616,616,,,
,1,617,617,,,
,1.333333333,618,618,,,
,1,619,619,,,
,0,620,620,,,
,0.666666667,621,621,,,
,0.666666667,622,622,,,
,0.666666667,623,623,,,
,1,624,624,,,
,0,625,625,,,
,1.333333333,626,626,,,
,0.333333333,627,627,,,
,1.333333333,628,628,,,
,1.333333333,629,629,,,
,0.333333333,630,630,,,
,0.666666667,631,631,,,
,0.333333333,632,632,,,
,0,633,633,,,
,0.333333333,634,634,,,
,0.666666667,635,635,,,
,1,636,636,,,
,1,637,637,,,
,0.333333333,638,638,,,
,1,639,639,,,
,1.333333333,640,640,,,
,0.666666667,641,641,,,
,0.666666667,642,642,,,
,0,643,643,,,
,0.666666667,644,644,,,
,0.333333333,645,645,,,
,0.666666667,646,646,,,
,1,647,647,,,
,0.666666667,648,648,,,
,0.666666667,649,649,,,
,1.666666667,650,650,,,
,1.333333333,651,651,,,
,0.333333333,652,652,,,
,1.333333333,653,653,,,
,1,654,654,,,
,0.333333333,655,655,,,
,2,656,656,,,
,0.666666667,657,657,,,
,1.333333333,658,658,,,
,0.333333333,659,659,,,
,1.333333333,660,660,,,
,0.333333333,661,661,,,
,1.333333333,662,662,,,
,0.666666667,663,663,,,
,1,664,664,,,
,0.666666667,665,665,,,
,0,666,666,,,
,0.666666667,667,667,,,
,1,668,668,,,
,1,669,669,,,
,0.333333333,670,670,,,
,0.666666667,671,671,,,
,1,672,672,,,
,1.333333333,673,673,,,
,1.333333333,674,674,,,
,1.666666667,675,675,,,
,0.666666667,676,676,,,
,0.333333333,677,677,,,
,2,678,678,,,
,0.666666667,679,679,,,
,1,680,680,,,
,0.666666667,681,681,,,
,1,682,682,,,
,0.333333333,683,683,,,
,1,684,684,,,
,1,685,685,,,
,0.666666667,686,686,,,
,3.333333333,687,687,,,
,0.666666667,688,688,,,
,2,689,689,,,
,1,690,690,,,
,0.333333333,691,691,,,
,1.333333333,692,692,,,
,0.666666667,693,693,,,
,1,694,694,,,
,1.666666667,695,695,,,
,0.666666667,696,696,,,
,0.666666667,697,697,,,
,1.333333333,698,698,,,
,0.666666667,699,699,,,
,1.333333333,700,700,,,
,1.333333333,701,701,,,
,1,702,702,,,
,1,703,703,,,
,0,704,704,,,
,0,705,705,,,
,1.333333333,706,706,,,
,0.333333333,707,707,,,
,0.333333333,708,708,,,
,1,709,709,,,
,1,710,710,,,
,1,711,711,,,
,0.333333333,712,712,,,
,0.666666667,713,713,,,
,0.333333333,714,714,,,
,0.333333333,715,715,,,
,0.666666667,716,716,,,
,0.666666667,717,717,,,
,0.666666667,718,718,,,
,1.333333333,719,719,,,
,1,720,720,,,
,0.666666667,721,721,,,
,1,722,722,,,
,1,723,723,,,
,1.333333333,724,724,,,
,2,725,725,,,
,1.333333333,726,726,,,
,0.666666667,727,727,,,
,0.666666667,728,728,,,
,0,729,729,,,
,0,730,730,,,
,0.666666667,731,731,,,
,1.333333333,732,732,,,
,1,733,733,,,
,0.666666667,734,734,,,
,0.666666667,735,735,,,
,0,736,736,,,
,0.333333333,737,737,,,
,1.666666667,738,738,,,
,0.666666667,739,739,,,
,0.333333333,740,740,,,
,0.333333333,741,741,,,
,0.666666667,742,742,,,
,1,743,743,,,
,1,744,744,,,
,0.666666667,745,745,,,
,0.333333333,746,746,,,
,0.333333333,747,747,,,
,1,748,748,,,
,1,749,749,,,
,0.333333333,750,750,,,
,0.666666667,751,751,,,
,1.333333333,752,752,,,
,1,753,753,,,
,0.333333333,754,754,,,
,0.666666667,755,755,,,
,0.333333333,756,756,,,
,1.666666667,757,757,,,
,0.666666667,758,758,,,
,0.333333333,759,759,,,
,0,760,760,,,
,0.666666667,761,761,,,
,1.333333333,762,762,,,
,0.666666667,763,763,,,
,0.666666667,764,764,,,
,1.333333333,765,765,,,
,1,766,766,,,
,0,767,767,,,
,0.333333333,768,768,,,
,0.666666667,769,769,,,
,0.666666667,770,770,,,
,1,771,771,,,
,1,772,772,,,
,1.333333333,773,773,,,
,1,774,774,,,
,0.666666667,775,775,,,
,0.333333333,776,776,,,
,1.666666667,777,777,,,
,0.333333333,778,778,,,
,0.666666667,779,779,,,
,0.333333333,780,780,,,
,1.666666667,781,781,,,
,0.666666667,782,782,,,
,0,783,783,,,
,0.666666667,784,784,,,
,0,785,785,,,
,0,786,786,,,
,1,787,787,,,
,0.666666667,788,788,,,
,1,789,789,,,
,0.666666667,790,790,,,
,0.333333333,791,791,,,
,1,792,792,,,
,0,793,793,,,
,0.333333333,794,794,,,
,0.333333333,795,795,,,
,1,796,796,,,
,0.333333333,797,797,,,
,0.666666667,798,798,,,
,0,799,799,,,
,0.333333333,800,800,,,
,0,801,801,,,
,0.333333333,802,802,,,
,0.666666667,803,803,,,
,0.333333333,804,804,,,
,1,805,805,,,
,1.666666667,806,806,,,
,0.333333333,807,807,,,
,0.333333333,808,808,,,
,0,809,809,,,
,1,810,810,,,
,0.666666667,811,811,,,
,1.333333333,812,812,,,
,0,813,813,,,
,1,814,814,,,
,1,815,815,,,
,0,816,816,,,
,1,817,817,,,
,1,818,818,,,
,0.333333333,819,819,,,
,0.333333333,820,820,,,
,0.333333333,821,821,,,
,0,822,822,,,
,0.666666667,823,823,,,
,0.666666667,824,824,,,
,0,825,825,,,
,0.666666667,826,826,,,
,0,827,827,,,
,0.666666667,828,828,,,
,0.666666667,829,829,,,
,0,830,830,,,
,0.333333333,831,831,,,
,0,832,832,,,
,0.666666667,833,833,,,
,0.333333333,834,834,,,
,0.333333333,835,835,,,
,0.333333333,836,836,,,
,0.666666667,837,837,,,
,0.333333333,838,838,,,
,0.333333333,839,839,,,
,0,840,840,,,
,0,841,841,,,
,1,842,842,,,
,0.333333333,843,843,,,
,0.666666667,844,844,,,
,0.333333333,845,845,,,
,0,846,846,,,
,0.333333333,847,847,,,
,0.333333333,848,848,,,
,0.333333333,849,849,,,
,0.333333333,850,850,,,
,0.333333333,851,851,,,
,0.666666667,852,852,,,
,0.333333333,853,853,,,
,0,854,854,,,
,0,855,855,,,
,0,856,856,,,
,0.333333333,857,857,,,
,0.333333333,858,858,,,
,0.333333333,859,859,,,
,0,860,860,,,
,0,861,861,,,
,1,862,862,,,
,0,863,863,,,
,0,864,864,,,
,0,865,865,,,
,1,866,866,,,
,0.333333333,867,867,,,
,0,868,868,,,
,0.666666667,869,869,,,
,0,870,870,,,
,0.333333333,871,871,,,
,0.666666667,872,872,,,
,0,873,873,,,
,1,874,874,,,
,0.666666667,875,875,,,
,0,876,876,,,
,0.666666667,877,877,,,
,0.333333333,878,878,,,
,0.333333333,879,879,,,
,0,880,880,,,
,0,881,881,,,
,0,882,882,,,
,0.333333333,883,883,,,
,0.666666667,884,884,,,
,0.666666667,885,885,,,
,0,886,886,,,
,1,887,887,,,
,0.333333333,888,888,,,
,0,889,889,,,
,0,890,890,,,
,0,891,891,,,
,0.333333333,892,892,,,
,0,893,893,,,
,0.333333333,894,894,,,
,0.333333333,895,895,,,
,0.333333333,896,896,,,
,0,897,897,,,
,0.333333333,898,898,,,
,0.333333333,899,899,,,
,0,900,900,,,
,0,901,901,,,
,0,902,902,,,
,0,903,903,,,
,0,904,904,,,
,0.666666667,905,905,,,
,0.333333333,906,906,,,
,0.333333333,907,907,,,
,0,908,908,,,
,0,909,909,,,
,0,910,910,,,
,0,911,911,,,
,0,912,912,,,
,0.333333333,913,913,,,
,0.333333333,914,914,,,
,0,915,915,,,
,0,916,916,,,
,0.333333333,917,917,,,
,0,918,918,,,
,0.333333333,919,919,,,
,0.666666667,920,920,,,
,0,921,921,,,
,0.333333333,922,922,,,
,0,923,923,,,
,0.333333333,924,924,,,
,0,925,925,,,
,0.333333333,926,926,,,
,0,927,927,,,
,0,928,928,,,
,0,929,929,,,
,0.333333333,930,930,,,
,0,931,931,,,
,0,932,932,,,
,0.333333333,933,933,,,
,0,934,934,,,
,0,935,935,,,
,0.333333333,936,936,,,
,0,937,937,,,
,0,938,938,,,
,0,939,939,,,
,0.333333333,940,940,,,
,0,941,941,,,
,0,942,942,,,
,0,943,943,,,
,0.333333333,944,944,,,
,0,945,945,,,
,0,946,946,,,
,0,947,947,,,
,0,948,948,,,
,0,949,949,,,
,0.333333333,950,950,,,
,0.333333333,951,951,,,
,0.666666667,952,952,,,
,0,953,953,,,
,0,954,954,,,
,0,955,955,,,
,0.333333333,956,956,,,
,0.333333333,957,957,,,
,0.333333333,958,958,,,
,0,959,959,,,
,0.333333333,960,960,,,
,0,961,961,,,
,0,962,962,,,
,0,963,963,,,
,0.333333333,964,964,,,
,0.333333333,965,965,,,
,0,966,966,,,
,0,967,967,,,
,0,968,968,,,
,0,969,969,,,
,0,970,970,,,
,0,971,971,,,
,0,972,972,,,
,0,973,973,,,
,0,974,974,,,
,0,975,975,,,
,0.666666667,976,976,,,
,0,977,977,,,
,0,978,978,,,
,0,979,979,,,
,0,980,980,,,
,0,981,981,,,
,0,982,982,,,
,0,983,983,,,
,0,984,984,,,
,0,985,985,,,
,0,986,986,,,
,0,987,987,,,
,0,988,988,,,
,0.333333333,989,989,,,
,0,990,990,,,
,0.333333333,991,991,,,
,0,992,992,,,
,0,993,993,,,
,0,994,994,,,
,0,995,995,,,
,0,996,996,,,
,0,997,997,,,
,0,998,998,,,
,0.333333333,999,999,,,
,0,1000,1000,,,
,0,1001,1001,,,
,0,1002,1002,,,
,0,1003,1003,,,
,0,1004,1004,,,
,0,1005,1005,,,
,0,1006,1006,,,
,0,1007,1007,,,
,0,1008,1008,,,
,0,1009,1009,,,
,0.666666667,1010,1010,,,
,0,1011,1011,,,
,0.333333333,1012,1012,,,
,0,1013,1013,,,
,0,1014,1014,,,
,0.666666667,1015,1015,,,
,0,1016,1016,,,
,0,1017,1017,,,
,0,1018,1018,,,
,0,1019,1019,,,
,0,1020,1020,,,
,0.333333333,1021,1021,,,
,0,1022,1022,,,
,0.666666667,1023,1023,,,
