Time t / s,Events N,Channel n,Energy E / keV,Voltage U / V,Rate R / 1/s,Dead time t / %,Raw
0,0,0,0,698.4375,,,0
1.001,0,1,1,698.4375,13.76668164,0.096366772,0
2,0,2,2,698.4375,7.001298741,0.049009091,0
3.001,0,3,3,698.4375,15.01565081,0.105109556,0
4,0,4,4,698.4375,9.985143216,0.069896003,0
5.001,0,5,5,698.8255208,6.014142858,0.042099,0
6,0,6,6,698.4375,11.09108431,0.07763759,0
7.001,0,7,7,699.2135417,13.32072896,0.093245103,0
8.001,0,8,8,698.4375,14.03104368,0.098217306,0
9,0,9,9,698.4375,14.42319107,0.100962337,0
10.001,0,10,10,698.4375,15.52436366,0.108670546,0
11.001,0,11,11,700.3776042,11.01793389,0.077125537,0
12,0,12,12,698.8255208,12.21371198,0.085495984,0
13.001,0,13,13,698.4375,9.003213247,0.063022493,0
14.001,0,14,14,698.8255208,12.21652525,0.085515677,0
15,0,15,15,698.8255208,8.887770017,0.06221439,0
16.001,0,16,16,698.4375,14.42986387,0.101009047,0
17.001,0.111111111,17,17,698.8255208,12.0103385,0.084072369,1
18.001,0.111111111,18,18,698.4375,14.01061584,0.098074311,1
19.001,1,19,19,698.4375,16.64717652,0.116530236,9
20,0.777777778,20,20,698.8255208,4.440331711,0.031082322,7
21,1,21,21,698.8255208,12.00417265,0.084029209,9
22.001,1.111111111,22,22,698.4375,10.00297789,0.070020845,10
23,0.666666667,23,23,698.4375,7.001363165,0.049009542,6
24,1.222222222,24,24,698.4375,8.882528998,0.062177703,11
25.001,1.111111111,25,25,698.4375,11.01188182,0.077083173,10
26,1.666666667,26,26,698.4375,14.43444458,0.101041112,15
27,1.555555556,27,27,698.4375,9.993738368,0.069956169,14
28.001,2.111111111,28,28,698.4375,13.0083006,0.091058104,19
29,1.555555556,29,29,698.8255208,10.00670249,0.070046917,14
30,2.777777778,30,30,698.4375,8.883044832,0.062181314,25
31.001,2.666666667,31,31,698.4375,13.32495786,0.093274705,24
32.001,2.333333333,32,32,698.4375,12.21370655,0.085495946,21
33,2.444444444,33,33,698.4375,11.00773403,0.077054138,22
34.001,2.777777778,34,34,698.4375,12.0196738,0.084137717,25
35.001,2.111111111,35,35,698.4375,9.993387708,0.069953714,19
36,2.444444444,36,36,698.4375,17.01132955,0.119079307,22
37.001,2.333333333,37,37,698.4375,6.662254034,0.046635778,21
38.001,1.888888889,38,38,698.4375,13.32505255,0.093275368,17
39,1.555555556,39,39,699.2135417,7.004685434,0.049032798,14
40.001,1.444444444,40,40,699.2135417,14.43483726,0.101043861,13
41,1.444444444,41,41,698.4375,17.99419327,0.125959353,13
42,2.333333333,42,42,698.8255208,12.00765728,0.084053601,21
43.001,2.333333333,43,43,698.4375,9.993752794,0.06995627,21
44,1.333333333,44,44,698.4375,14.00883818,0.098061867,12
45,2.222222222,45,45,698.8255208,15.01017089,0.105071196,20
46.001,2.555555556,46,46,698.8255208,9.987066749,0.069909467,23
47.001,1.555555556,47,47,699.6015625,9.996718077,0.069977027,14
48,2,48,48,699.6015625,15.02459827,0.105172188,18
49.001,2.333333333,49,49,698.4375,14.43491259,0.101044388,21
50.001,2.555555556,50,50,698.4375,12.21456505,0.085501955,23
51,3.111111111,51,51,698.4375,17.01087846,0.119076149,28
52.001,3.222222222,52,52,698.4375,7.997351277,0.055981459,29
53.001,3.888888889,53,53,698.4375,16.656275,0.116593925,35
54,5.111111111,54,54,698.4375,12.00769453,0.084053862,46
55,5.222222222,55,55,698.4375,11.01868769,0.077130814,47
56.001,5,56,56,698.4375,11.09105356,0.077637375,45
57.001,6.555555556,57,57,698.4375,11.00742671,0.077051987,59
58,5.888888889,58,58,698.4375,7.764052658,0.054348369,53
59.001,6.444444444,59,59,698.8255208,9.006022327,0.063042156,58
60.001,6.333333333,60,60,698.4375,9.997007896,0.069979055,57
61,6.111111111,61,61,698.4375,9.982694445,0.069878861,55
62.001,6.888888889,62,62,698.4375,8.013075737,0.05609153,62
63.001,5.333333333,63,63,698.4375,7.989433176,0.055926032,48
64,5.222222222,64,64,698.4375,9.006044857,0.063042314,47
65.001,5.666666667,65,65,698.4375,6.662194853,0.046635364,51
66.001,6.777777778,66,66,698.4375,14.99519854,0.10496639,61
67,4.777777778,67,67,698.4375,7.00471207,0.049032984,43
68.001,5.333333333,68,68,698.4375,7.98963744,0.055927462,48
69.001,3.777777778,69,69,698.4375,16.01025617,0.112071793,34
70,4,70,70,698.4375,8.005310723,0.056037175,36
71.001,3.777777778,71,71,698.4375,14.98066745,0.104864672,34
72.001,6.111111111,72,72,699.2135417,9.005757381,0.063040302,55
73,4.555555556,73,73,698.4375,11.99642866,0.083975001,41
74.001,4.333333333,74,74,698.4375,12.21366858,0.08549568,39
75,3.444444444,75,75,698.4375,6.016066507,0.042112466,31
76,4.333333333,76,76,698.4375,18.87632774,0.132134294,39
77.001,4.666666667,77,77,698.4375,11.09191716,0.07764342,42
78.001,3.444444444,78,78,698.4375,14.02289939,0.098160296,31
79,4.444444444,79,79,698.4375,13.32458352,0.093272085,40
80.001,3.888888889,80,80,698.4375,12.99561008,0.090969271,35
81,4.777777778,81,81,698.4375,8.005438094,0.056038067,43
82,5,82,82,698.4375,4.436527215,0.031055691,45
83.001,5.444444444,83,83,698.4375,12.02021801,0.084141526,49
84,4.777777778,84,84,698.4375,8.883030037,0.06218121,43
85,4.555555556,85,85,698.4375,9.996713081,0.069976992,41
86.001,4.444444444,86,86,698.4375,11.00737494,0.077051625,40
87,4.444444444,87,87,698.4375,7.004675621,0.049032729,40
88,3.777777778,88,88,698.4375,13.32454801,0.093271836,34
89.001,3.111111111,89,89,698.4375,7.772640926,0.054408486,28
90,3.777777778,90,90,698.4375,12.9957296,0.090970107,34
91,4.444444444,91,91,698.4375,12.00804179,0.084056292,40
92.001,3.777777778,92,92,698.4375,12.98277575,0.09087943,34
93.001,6.111111111,93,93,698.4375,11.0077109,0.077053976,55
94.001,3,94,94,698.4375,13.32477587,0.093273431,27
95,4.777777778,95,95,698.4375,8.997293614,0.062981055,43
96.001,4.111111111,96,96,698.4375,8.013111855,0.056091783,37
97,4.777777778,97,97,698.4375,11.1036359,0.077725451,43
98,3,98,98,698.4375,16.63800678,0.116466047,27
99,4.777777778,99,99,698.4375,11.00693547,0.077048548,43
100.001,3.444444444,100,100,698.4375,16.01083133,0.112075819,31
101,3.222222222,101,101,698.4375,8.882981706,0.062180872,29
102,3.888888889,102,102,698.4375,9.993808281,0.069956658,35
103,3.333333333,103,103,698.4375,11.01799128,0.077125939,30
104,2.555555556,104,104,699.2135417,12.214188,0.085499316,23
105.001,4.333333333,105,105,698.4375,14.99508011,0.104965561,39
106.001,4.222222222,106,106,698.8255208,15.01008377,0.105070586,38
107,2.888888889,107,107,698.8255208,8.996982412,0.062978877,26
108.001,4.666666667,108,108,698.8255208,11.99609647,0.083972675,42
109,3.111111111,109,109,698.8255208,14.43545917,0.101048214,28
110,2.777777778,110,110,698.4375,8.013107842,0.056091755,25
111.001,2.555555556,111,111,698.8255208,15.5447088,0.108812962,23
112.001,4.888888889,112,112,698.4375,12.99572051,0.090970044,44
113,2.333333333,113,113,698.4375,8.00536119,0.056037528,21
114.001,3.333333333,114,114,698.4375,6.655114128,0.046585799,30
115.001,3,115,115,698.4375,20.03339166,0.140233742,27
116,3.888888889,116,116,698.4375,8.988093473,0.062916654,35
117.001,3.555555556,117,117,698.4375,12.02004463,0.084140312,32
118.001,4,118,118,698.4375,8.882722306,0.062179056,36
119,3,119,119,699.9895833,11.98447531,0.083891327,27
120.001,3,120,120,698.4375,12.21453792,0.085501765,27
121.001,3.777777778,121,121,698.4375,13.00870152,0.091060911,34
122,3.888888889,122,122,698.4375,9.996433273,0.069975033,35
123.001,3.333333333,123,123,698.4375,6.004025699,0.04202818,30
124.001,4,124,124,698.4375,10.99670539,0.076976938,36
125,3.333333333,125,125,698.4375,15.00962717,0.10506739,30
126.001,3.777777778,126,126,698.4375,8.883297347,0.062183081,34
127.001,3.333333333,127,127,698.4375,12.21415409,0.085499079,30
128,4.555555556,128,128,698.4375,15.54528013,0.108816961,41
129.001,4.555555556,129,129,698.4375,17.01139083,0.119079736,41
130.001,4.222222222,130,130,698.8255208,9.01476709,0.06310337,38
131,4.555555556,131,131,698.4375,14.99552084,0.104968646,41
132,3.222222222,132,132,698.4375,7.997141822,0.055979993,29
133.001,3.666666667,133,133,698.4375,9.993727271,0.069956091,33
134,2.777777778,134,134,698.4375,9.99642228,0.069974956,25
135,2.888888889,135,135,698.4375,9.01529535,0.063107067,26
136.001,3.666666667,136,136,698.4375,11.10341891,0.077723932,33
137.001,3.888888889,137,137,698.4375,13.31001271,0.093170089,35
138,3.777777778,138,138,698.4375,11.00721082,0.077050476,34
139.001,4,139,139,698.4375,11.01833782,0.077128365,36
140,3.555555556,140,140,698.4375,13.32499781,0.093274985,32
141,3,141,141,698.4375,19.98601201,0.139902084,27
142.001,3.777777778,142,142,698.4375,15.01014986,0.105071049,34
143.001,2.444444444,143,143,698.4375,14.41939475,0.100935763,22
144,3,144,144,698.4375,11.99606049,0.083972423,27
145,3.444444444,145,145,698.4375,16.65565543,0.116589588,31
146.001,4.888888889,146,146,698.8255208,13.32453766,0.093271764,44
147,4.111111111,147,147,698.4375,9.997019888,0.069979139,37
148.001,2.333333333,148,148,699.6015625,12.0076729,0.08405371,21
149.001,4.666666667,149,149,698.4375,8.883033982,0.062181238,42
150,3.333333333,150,150,698.8255208,9.996739064,0.069977173,30
151.001,3.444444444,151,151,698.8255208,8.883300306,0.062183102,31
152.001,4.222222222,152,152,698.4375,11.01804425,0.07712631,38
153,3.555555556,153,153,698.4375,4.4415091,0.031090564,32
154.001,2.666666667,154,154,698.4375,9.006289092,0.063044024,24
155.001,2.777777778,155,155,699.2135417,13.32410713,0.09326875,25
156,2.555555556,156,156,698.4375,16.01072879,0.112075102,23
157,3,157,157,698.4375,11.10375919,0.077726314,27
158.001,2.111111111,158,158,698.4375,7.997384056,0.055981688,19
159,2.666666667,159,159,698.8255208,12.21413375,0.085498936,24
160.001,2.777777778,160,160,698.4375,17.01131593,0.119079211,25
161.001,3.111111111,161,161,699.2135417,12.21421648,0.085499515,28
162,3.222222222,162,162,698.8255208,11.00724166,0.077050692,29
163.001,3.333333333,163,163,698.4375,17.9943066,0.125960146,30
164.001,3.111111111,164,164,698.4375,11.10381344,0.077726694,28
165,3,165,165,698.4375,10.01669683,0.070116878,27
166.001,4,166,166,698.4375,7.772645241,0.054408517,36
167.001,3.333333333,167,167,698.4375,14.98010492,0.104860734,30
168,2.333333333,168,168,698.4375,8.01314396,0.056092008,21
169.001,2.777777778,169,169,698.4375,9.996710083,0.069976971,25
170.001,2.777777778,170,170,698.4375,13.99582924,0.097970805,25
171,2.777777778,171,171,698.4375,4.441367071,0.031089569,25
172,2.888888889,172,172,698.4375,10.01699182,0.070118943,26
173.001,3.111111111,173,173,698.4375,9.993083676,0.069951586,28
174.001,2,174,174,698.4375,8.883022146,0.062181155,18
175,3.333333333,175,175,698.4375,4.006673917,0.028046717,30
176,2.222222222,176,176,698.4375,11.07921896,0.077554533,20
177.001,2.222222222,177,177,698.4375,13.03513229,0.091245926,20
178,2.444444444,178,178,698.4375,12.20024416,0.085401709,22
179.001,2.333333333,179,179,698.8255208,16.99494231,0.118964596,21
180.001,2.666666667,180,180,698.4375,20.0131166,0.140091816,24
181,3.333333333,181,181,698.4375,9.986902178,0.069908315,30
182.001,3,182,182,698.4375,11.01804756,0.077126333,27
183.001,2.888888889,183,183,698.4375,15.54526804,0.108816876,26
184,2.333333333,184,184,698.4375,12.02003499,0.084140245,21
185.001,2.111111111,185,185,698.8255208,11.10414758,0.077729033,19
186,2.222222222,186,186,698.4375,10.99599416,0.076971959,20
187,1.888888889,187,187,698.8255208,6.654939923,0.046584579,17
188.001,1.888888889,188,188,698.8255208,15.52759553,0.108693169,17
189.001,2.111111111,189,189,698.4375,11.99605929,0.083972415,19
190,1.777777778,190,190,698.4375,15.02548773,0.105178414,16
191.001,2.666666667,191,191,698.4375,9.993412121,0.069953885,24
192.001,2.222222222,192,192,698.4375,12.21374181,0.085496193,20
193,2.666666667,193,193,698.4375,17.76607783,0.124362545,24
194.001,2,194,194,699.2135417,9.993706186,0.069955943,18
195.001,1.888888889,195,195,698.4375,14.00899377,0.098062956,17
196,2.555555556,196,196,698.4375,13.02206328,0.091154443,23
197.001,1.777777778,197,197,698.4375,6.66226513,0.046635856,16
198,2.222222222,198,198,698.8255208,9.982346774,0.069876427,20
199,1.444444444,199,199,698.4375,13.0213185,0.09114923,13
200.001,2.444444444,200,200,698.4375,14.98005406,0.104860378,22
201,1.555555556,201,201,699.2135417,3.998722008,0.027991054,14
202,3,202,202,698.4375,14.02378153,0.098166471,27
203.001,1.888888889,203,203,698.4375,10.99606781,0.076972475,17
204,1.777777778,204,204,698.4375,15.54528876,0.108817021,16
205,2.777777778,205,205,698.4375,5.003490936,0.035024437,25
206.001,3.333333333,206,206,698.4375,9.993403243,0.069953823,30
207.001,2.888888889,207,207,698.4375,14.00888724,0.098062211,26
208,2.333333333,208,208,698.4375,15.99485126,0.111963959,21
209.001,2.444444444,209,209,698.4375,13.32454062,0.093271784,22
210.001,1.777777778,210,210,698.4375,11.99592618,0.083971483,16
211.001,2.222222222,211,211,698.4375,12.21372012,0.085496041,20
212,1.888888889,212,212,698.4375,8.013612724,0.056095289,17
213,1.666666667,213,213,698.4375,13.30934546,0.093165418,15
214,1,214,214,698.4375,9.015007283,0.063105051,9
215.001,2.111111111,215,215,698.4375,14.4030437,0.100821306,19
216.001,1.222222222,216,216,698.8255208,12.03206545,0.084224458,11
217,2.333333333,217,217,698.4375,16.63710992,0.116459769,21
218,2.111111111,218,218,698.4375,11.00736062,0.077051524,19
219.001,1.222222222,219,219,698.4375,6.662544772,0.046637813,11
220.001,1.444444444,220,220,698.4375,9.01473639,0.063103155,13
221,1.222222222,221,221,698.4375,8.883018201,0.062181127,11
222,1.666666667,222,222,698.4375,7.98940525,0.055925837,15
223.001,2.888888889,223,223,698.4375,10.01702895,0.070119203,26
224,2.111111111,224,224,698.4375,8.882704553,0.062178932,19
225.001,2,225,225,698.4375,10.99642946,0.076975006,18
226,2.444444444,226,226,698.4375,6.99073099,0.048935117,22
227,1.777777778,227,227,698.4375,12.02039139,0.08414274,16
228.001,2.444444444,228,228,698.4375,9.982006878,0.069874048,22
229,1.777777778,229,229,698.8255208,11.10377645,0.077726435,16
230,2.222222222,230,230,698.4375,10.02702082,0.070189146,20
231.001,1.333333333,231,231,699.9895833,8.872899923,0.062110299,12
232,1.888888889,232,232,698.4375,10.00673654,0.070047156,17
233,1.111111111,233,233,699.2135417,7.997256141,0.055980793,10
234.001,1.444444444,234,234,698.4375,11.99655939,0.083975916,13
235,0.888888889,235,235,698.4375,8.882986638,0.062180906,8
236,2.222222222,236,236,698.8255208,8.005369201,0.056037584,20
237.001,1.777777778,237,237,698.4375,14.99506213,0.104965435,16
238.001,1.444444444,238,238,698.4375,9.996725073,0.069977076,13
239,2.333333333,239,239,698.4375,8.997070554,0.062979494,21
240.001,1.555555556,240,240,699.2135417,14.00977883,0.098068452,14
241.001,1.666666667,241,241,698.4375,16.99444961,0.118961147,15
242,2.111111111,242,242,698.8255208,8.005104054,0.056035728,19
243.001,1.333333333,243,243,698.8255208,12.0084203,0.084058942,12
244.001,1.444444444,244,244,698.4375,8.883022146,0.062181155,13
245,2.111111111,245,245,698.4375,13.32405831,0.093268408,19
246.001,1.333333333,246,246,698.8255208,13.32457169,0.093272002,12
247.001,2,247,247,698.4375,14.02335169,0.098163462,18
248,1.666666667,248,248,698.4375,9.993420998,0.069953947,15
249,1.666666667,249,249,698.4375,7.772897262,0.054410281,15
250.001,2.222222222,250,250,698.4375,9.005735753,0.06304015,20
251.001,1.444444444,251,251,698.4375,7.772924882,0.054410474,13
252,2,252,252,698.4375,16.65566837,0.116589679,18
253.001,1,253,253,698.4375,12.00720072,0.084050405,9
254,1.777777778,254,254,698.8255208,9.00603224,0.063042226,16
255,2.444444444,255,255,698.4375,12.98318807,0.090882316,22
256.001,0.666666667,256,256,699.2135417,18.99377194,0.132956404,6
257.001,1.777777778,257,257,698.4375,13.02127546,0.091148928,16
257.999,0.888888889,258,258,699.2135417,11.09189256,0.077643248,8
259.001,2.222222222,259,259,698.4375,12.01959675,0.084137177,20
260.001,1.444444444,260,260,698.4375,8.005399642,0.056037797,13
261,1.666666667,261,261,698.4375,11.09150011,0.077640501,15
262.001,1.888888889,262,262,699.6015625,7.764057825,0.054348405,17
263.001,1.555555556,263,263,698.4375,8.99703098,0.062979217,14
264,1.333333333,264,264,698.4375,11.99644785,0.083975135,12
265.001,1.888888889,265,265,698.8255208,15.5452784,0.108816949,17
266.001,1.444444444,266,266,698.4375,13.02170849,0.091151959,13
267,1.333333333,267,267,698.4375,12.99572571,0.09097008,12
268,1.333333333,268,268,698.4375,6.990513873,0.048933597,12
269,0.888888889,269,269,698.4375,13.02166936,0.091151686,8
270,1,270,270,698.4375,12.99581145,0.09097068,9
271,1.777777778,271,271,698.4375,11.99643346,0.083975034,16
272.001,1,272,272,698.4375,12.21417173,0.085499202,9
273,0.888888889,273,273,698.4375,13.00831882,0.091058232,8
274,0.666666667,274,274,698.4375,9.00596465,0.063041753,6
275.001,1.444444444,275,275,698.4375,15.54547345,0.108818314,13
276,1.222222222,276,276,698.4375,8.883322994,0.062183261,11
277.001,2.111111111,277,277,698.4375,15.00962868,0.105067401,19
278.001,1.777777778,278,278,698.4375,23.01608825,0.161112618,16
279,0.777777778,279,279,698.4375,6.662276966,0.046635939,7
280.001,1.333333333,280,280,698.4375,14.43428591,0.101040001,12
281,1.555555556,281,281,698.4375,16.01086978,0.112076088,14
282,1.333333333,282,282,698.4375,11.09151733,0.077640621,12
283,0.666666667,283,283,698.4375,16.04277968,0.112299458,6
284,0.888888889,284,284,698.4375,12.21415138,0.08549906,8
285,1,285,285,698.4375,16.65552412,0.116588669,9
286,1.888888889,286,286,698.4375,15.97897008,0.111852791,17
287.001,1.777777778,287,287,698.4375,15.54529221,0.108817045,16
288.001,1.333333333,288,288,698.4375,13.99493383,0.097964537,12
289,1.111111111,289,289,698.4375,18.03043357,0.126213035,10
290.001,1,290,290,698.4375,14.41873744,0.100931162,9
291,0.666666667,291,291,698.4375,9.993740587,0.069956184,6
292,1.444444444,292,292,698.4375,14.9943951,0.104960766,13
293.001,0.888888889,293,293,698.4375,14.0380614,0.09826643,8
294.001,1.666666667,294,294,698.4375,14.41896933,0.100932785,15
295,1.555555556,295,295,698.8255208,15.5453112,0.108817178,14
296.001,0.888888889,296,296,698.8255208,11.00738045,0.077051663,8
297.001,1.222222222,297,297,698.4375,11.10377522,0.077726427,11
298,1.444444444,298,298,698.4375,12.01961722,0.084137321,13
299.001,1.555555556,299,299,698.4375,5.551928296,0.038863498,14
300,0.888888889,300,300,698.4375,17.76603443,0.124362241,8
301,0.666666667,301,301,698.4375,5.552097216,0.038864681,6
302.001,0.888888889,302,302,702.7057292,9.00575648,0.063040295,8
303,0.777777778,303,303,698.4375,12.99576338,0.090970344,7
304,1.222222222,304,304,698.4375,11.00738816,0.077051717,11
305.001,0.555555556,305,305,698.4375,10.98577891,0.076900452,5
306.001,0.666666667,306,306,698.4375,10.01640186,0.070114813,6
307,1.222222222,307,307,698.8255208,17.74641001,0.12422487,11
308.001,1.666666667,308,308,698.4375,8.882680882,0.062178766,15
309,1.777777778,309,309,698.4375,11.00640242,0.077044817,16
310,1,310,310,698.4375,4.435781855,0.031050473,9
311,1.111111111,311,311,698.8255208,11.02860047,0.077200203,10
312.001,1.666666667,312,312,698.4375,11.10039799,0.077702786,15
313.001,1,313,313,698.4375,15.54533536,0.108817348,9
314,0.888888889,314,314,698.4375,11.98402769,0.083888194,8
315.001,0.555555556,315,315,698.8255208,12.00806221,0.084056435,5
316,1.222222222,316,316,698.4375,9.005218524,0.06303653,11
317,1.111111111,317,317,699.6015625,9.996702088,0.069976915,10
318,1.222222222,318,318,699.6015625,11.10231314,0.077716192,11
319.001,1.333333333,319,319,698.4375,14.00897695,0.098062839,12
320.001,0.888888889,320,320,698.4375,15.01051186,0.105073583,8
321.001,1.555555556,321,321,698.4375,9.004143707,0.063029006,14
322.001,1.333333333,322,322,698.8255208,8.88132989,0.062169309,12
322.999,1.333333333,323,323,698.4375,16.00850051,0.112059504,12
324,0.666666667,324,324,698.4375,10.99856579,0.076989961,6
325.001,0.555555556,325,325,698.4375,14.43992475,0.101079473,5
326.001,0.777777778,326,326,698.4375,15.53953775,0.108776764,7
327,0.444444444,327,327,698.8255208,10.01462837,0.070102399,4
328,1.222222222,328,328,698.4375,11.00656872,0.077045981,11
329,0.888888889,329,329,698.4375,8.877893125,0.062145252,8
330.001,0.666666667,330,330,698.4375,13.31549058,0.093208434,6
331.001,0.555555556,331,331,698.4375,11.02229811,0.077156087,5
332,1.111111111,332,332,698.4375,11.09706839,0.077679479,10
333,0.555555556,333,333,698.4375,10.0220686,0.07015448,5
334,0.888888889,334,334,698.4375,8.868033245,0.062076233,8
335,0.444444444,335,335,698.4375,10.01528834,0.070107018,4
336,0.333333333,336,336,698.8255208,7.773321937,0.054413254,3
337.001,0.555555556,337,337,698.4375,9.99115117,0.069938058,5
337.999,1.111111111,338,338,699.6015625,5.005890932,0.035041237,10
339.001,1,339,339,698.4375,15.533286,0.108733002,9
340,0.888888889,340,340,698.4375,13.33296149,0.09333073,8
341.001,1.444444444,341,341,698.8255208,10.00987574,0.07006913,13
342,1.111111111,342,342,698.4375,9.985842295,0.069900896,10
343.001,1,343,343,698.8255208,14.99840267,0.104988819,9
344,0.777777778,344,344,698.4375,13.01017656,0.091071236,7
345,0.777777778,345,345,698.4375,12.21866116,0.085530628,7
346.001,0.666666667,346,346,698.4375,8.989710378,0.062927973,6
347.001,1.111111111,347,347,699.2135417,12.02943724,0.084206061,10
348.001,0.555555556,348,348,698.8255208,8.871121019,0.062097847,5
349.001,1,349,349,698.4375,9.00544289,0.0630381,9
350,0.666666667,350,350,698.8255208,9.010369133,0.063072584,6
351,0.555555556,351,351,698.4375,16.66076875,0.116625381,5
352.001,0.333333333,352,352,699.2135417,17.77559533,0.124429167,3
353,0.444444444,353,353,698.8255208,11.99818228,0.083987276,4
354.001,1.111111111,354,354,698.8255208,5.554679768,0.038882758,10
355,0.666666667,355,355,699.2135417,6.999421148,0.048995948,6
356,0.888888889,356,356,698.8255208,14.01556007,0.098108921,8
357,0.444444444,357,357,698.4375,8.883584402,0.062185091,4
358,0.666666667,358,358,698.4375,8.887611048,0.062213277,6
358.999,0.444444444,359,359,698.8255208,11.02164099,0.077151487,4
360.001,0.777777778,360,360,698.4375,9.970695019,0.069794865,7
361.001,0.888888889,361,361,698.4375,9.999581018,0.069997067,8
362.001,1.444444444,362,362,698.4375,15.0101739,0.105071217,13
363.001,0.333333333,363,363,699.6015625,16.65555001,0.11658885,3
364,1,364,364,698.4375,11.01686351,0.077118045,9
365.001,0.888888889,365,365,698.4375,11.09646624,0.077675264,8
366,0.777777778,366,366,698.4375,12.00209797,0.084014686,7
367,1.111111111,367,367,698.8255208,11.00856466,0.077059953,10
368.001,1.333333333,368,368,698.4375,13.32686536,0.093288058,12
369.001,0.888888889,369,369,698.4375,14.01315134,0.098092059,8
370,0.444444444,370,370,698.4375,11.11077162,0.077775401,4
371,0.666666667,371,371,698.4375,15.55132732,0.108859291,6
372.001,0.444444444,372,372,698.8255208,13.98234589,0.097876421,4
373,1.444444444,373,373,698.4375,10.02593509,0.070181546,13
374,1,374,374,698.8255208,14.99055595,0.104933892,9
375,1,375,375,698.8255208,4.440310022,0.03108217,9
376,0.333333333,376,376,699.2135417,6.998610076,0.048990271,3
377,0.333333333,377,377,698.4375,17.00944535,0.119066117,3
378,1.333333333,378,378,699.2135417,11.00636498,0.077044555,12
379,0.888888889,379,379,698.4375,11.98641101,0.083904877,8
380,0.222222222,380,380,698.4375,8.998051922,0.062986363,2
381.001,1.111111111,381,381,699.6015625,9.014485377,0.063101398,10
382,0.666666667,382,382,698.4375,16.6404801,0.116483361,6
383.001,0.555555556,383,383,698.4375,15.99691899,0.111978433,5
384,0.666666667,384,384,698.8255208,17.03071319,0.119214992,6
384.999,0.666666667,385,385,698.4375,12.21187741,0.085483142,6
386.001,0.333333333,386,386,698.8255208,9.0000162,0.063000113,3
387,0.777777778,387,387,698.4375,12.21996696,0.085539769,7
387.999,0.888888889,388,388,698.8255208,11.99963161,0.083997421,8
389,0.666666667,389,389,698.4375,11.99714228,0.083979996,6
390,0.777777778,390,390,698.4375,17.00817583,0.119057231,7
391.001,0.555555556,391,391,698.4375,11.99909647,0.083993675,5
392.001,1.444444444,392,392,698.4375,14.99297279,0.10495081,13
393,0.222222222,393,393,698.4375,12.98939416,0.090925759,2
394.001,0.555555556,394,394,698.4375,13.02556919,0.091178984,5
395.001,1,395,395,698.4375,14.00173061,0.098012114,9
396,0.666666667,396,396,698.4375,17.73822941,0.124167606,6
397.001,0.888888889,397,397,698.4375,12.02364811,0.084165537,8
398,0.111111111,398,398,698.4375,9.999464473,0.069996251,1
399,1.111111111,399,399,698.4375,15.5548746,0.108884122,10
400,0.666666667,400,400,698.8255208,15.00870655,0.105060946,6
401,0.666666667,401,401,698.4375,9.987231879,0.069910623,6
402.001,0.666666667,402,402,698.8255208,11.10276183,0.077719333,6
403.001,0.555555556,403,403,699.6015625,16.02680162,0.112187611,5
404.001,0.777777778,404,404,698.4375,14.43279878,0.101029591,7
405.001,0.444444444,405,405,698.4375,9.004755411,0.063033288,4
406.001,1.111111111,406,406,698.4375,14.42549415,0.100978459,10
407.001,0.444444444,407,407,698.8255208,7.00845079,0.049059156,4
408.001,0.444444444,408,408,698.4375,11.09491623,0.077664414,4
409,0.555555556,409,409,698.8255208,5.550689451,0.038854826,5
410.001,0.333333333,410,410,698.4375,13.02866567,0.09120066,3
411.001,0.777777778,411,411,699.6015625,15.52641765,0.108684924,7
412,0.555555556,412,412,698.4375,9.005917789,0.063041425,5
413,1,413,413,698.4375,15.04318447,0.105302291,9
414.001,0.444444444,414,414,698.4375,17.74131346,0.124189194,4
415.001,1,415,415,698.4375,9.99725853,0.06998081,9
416.001,0.444444444,416,416,698.4375,11.00107921,0.077007554,4
417.001,0.555555556,417,417,698.4375,7.002391317,0.049016739,5
418,0.444444444,418,418,698.4375,20.98697758,0.146908843,4
419,1.333333333,419,419,698.4375,10.00119614,0.070008373,12
420,0.777777778,420,420,698.4375,20.99701003,0.14697907,7
421.001,0.333333333,421,421,698.8255208,6.664387446,0.046650712,3
422.001,0.555555556,422,422,698.4375,13.02861997,0.09120034,5
423.001,0.888888889,423,423,698.4375,11.0992571,0.0776948,8
424.001,0.333333333,424,424,698.4375,14.43511936,0.101045836,3
425,0.444444444,425,425,698.4375,11.01348822,0.077094418,4
426.001,0.333333333,426,426,698.4375,13.307198,0.093150386,3
427.001,0.666666667,427,427,698.4375,12.03202082,0.084224146,6
428,0.888888889,428,428,698.4375,8.875743912,0.062130207,8
429.001,0.444444444,429,429,699.2135417,15.55288046,0.108870163,4
430,0.555555556,430,430,698.4375,13.31246973,0.093187288,5
431,0.111111111,431,431,698.4375,12.02779503,0.084194565,1
432.001,0.777777778,432,432,698.4375,12.2136835,0.085495785,7
433.001,0.555555556,433,433,699.2135417,7.772059269,0.054404415,5
434.001,0.666666667,434,434,698.4375,13.00394019,0.091027581,6
435,0.555555556,435,435,699.2135417,7.775933154,0.054431532,5
435.999,0.666666667,436,436,698.8255208,13.99723135,0.097980619,6
437.001,0.444444444,437,437,698.4375,11.10483688,0.077733858,4
438,0.666666667,438,438,699.6015625,13.3193495,0.093235446,6
439,0.333333333,439,439,698.4375,18.01643099,0.126115017,3
440.001,1.333333333,440,440,698.8255208,13.00231961,0.091016237,12
441.001,1,441,441,698.8255208,8.017813176,0.056124692,9
442,0.333333333,442,442,698.4375,12.20188304,0.085413181,3
443,1,443,443,698.8255208,6.002082723,0.042014579,9
444,1.111111111,444,444,698.8255208,7.772246529,0.054405726,10
445,0.333333333,445,445,698.4375,14.43552329,0.101048663,3
446,1.111111111,446,446,698.4375,13.98977348,0.097928414,10
447.001,0.555555556,447,447,698.4375,14.03786574,0.09826506,5
448,0.444444444,448,448,698.4375,14.42318787,0.100962315,4
449,0.777777778,449,449,698.4375,7.772059269,0.054404415,7
450.001,1,450,450,698.4375,12.01393256,0.084097528,9
451,0.888888889,451,451,698.4375,5.550088718,0.038850621,8
452,0.444444444,452,452,698.4375,7.002904104,0.049020329,4
453.001,0.555555556,453,453,698.4375,9.999116745,0.069993817,5
454.001,1.666666667,454,454,698.4375,12.22198321,0.085553883,15
455.001,0.555555556,455,455,698.4375,14.02069595,0.098144872,5
456,0.222222222,456,456,698.4375,11.10793671,0.077755557,2
457.001,0.555555556,457,457,698.4375,7.771779691,0.054402458,5
458.001,0.777777778,458,458,699.6015625,9.997210778,0.069980475,7
459.001,0.777777778,459,459,698.4375,16.66316555,0.116642159,7
460,0.222222222,460,460,698.4375,18.00331621,0.126023213,2
461.001,0.888888889,461,461,698.8255208,15.553131,0.108871917,8
462.001,0.888888889,462,462,699.2135417,19.99776025,0.139984322,8
463,0.555555556,463,463,698.8255208,19.03717198,0.133260204,5
464.001,0.444444444,464,464,698.4375,12.18720837,0.085310459,4
465,0.111111111,465,465,698.4375,14.02561779,0.098179325,1
466.001,0.333333333,466,466,698.4375,15.55438206,0.108880674,3
467.001,0.777777778,467,467,698.4375,7.775644659,0.054429513,7
468.001,0.777777778,468,468,698.4375,11.11004208,0.077770295,7
469.001,0.777777778,469,469,698.4375,10.98483214,0.076893825,7
470,0.555555556,470,470,698.4375,13.01609179,0.091112643,5
471.001,0.555555556,471,471,698.4375,6.664408913,0.046650862,5
472.001,1.111111111,472,472,698.4375,13.01286061,0.091090024,10
473.001,0.555555556,473,473,698.4375,9.994247755,0.069959734,5
474,0.888888889,474,474,698.4375,10.00291385,0.070020397,8
475,0.555555556,475,475,698.8255208,12.02194847,0.084153639,5
476.001,0.444444444,476,476,698.4375,18.87946803,0.132156276,4
477.001,0.555555556,477,477,698.4375,5.554400857,0.038880806,5
477.999,0.555555556,478,478,698.8255208,9.978649017,0.069850543,5
479,0.555555556,479,479,698.8255208,6.003183488,0.042022284,5
480.001,1,480,480,698.8255208,9.004194154,0.063029359,9
481.001,0.222222222,481,481,698.4375,5.55434224,0.038880396,2
482,0.555555556,482,482,698.4375,15.5435335,0.108804734,5
483,0.444444444,483,483,698.4375,11.00481351,0.077033695,4
484.001,0.555555556,484,484,698.4375,13.33019481,0.093311364,5
485.001,0.888888889,485,485,698.4375,8.008300604,0.056058104,8
486,0.888888889,486,486,698.4375,9.971698105,0.069801887,8
487,0.222222222,487,487,698.4375,9.010181505,0.063071271,2
488.001,0.222222222,488,488,698.4375,13.32198152,0.093253871,2
489.001,0.555555556,489,489,698.4375,11.10510202,0.077735714,5
489.999,0.333333333,490,490,698.4375,15.02996825,0.105209778,3
491,0.222222222,491,491,698.8255208,13.29601585,0.093072111,2
492.001,0.444444444,492,492,698.8255208,15.02054961,0.105143847,4
493,0.777777778,493,493,698.4375,7.771540685,0.054400785,7
494.001,1,494,494,698.4375,19.00224036,0.133015683,9
495.001,0.555555556,495,495,698.4375,16.02798807,0.112195917,5
496,0.333333333,496,496,698.8255208,15.52199011,0.108653931,3
497.001,1.222222222,497,497,698.4375,12.22134772,0.085549434,11
498,0.888888889,498,498,698.8255208,9.009027947,0.063063196,8
499,0.333333333,499,499,698.4375,8.886902173,0.062208315,3
500.001,1.222222222,500,500,698.4375,11.10521054,0.077736474,11
501.001,0.666666667,501,501,698.4375,11.00659625,0.077046174,6
502.001,0.555555556,502,502,698.4375,18.98852713,0.13291969,5
503.001,0.888888889,503,503,698.4375,7.008033309,0.049056233,8
504.001,0.777777778,504,504,698.8255208,13.32573174,0.093280122,7
505.001,0.777777778,505,505,698.4375,4.9972625,0.034980837,7
506.001,0.777777778,506,506,698.4375,10.00472323,0.070033063,7
507.001,0.555555556,507,507,698.4375,11.98278314,0.083879482,5
508.001,0.666666667,508,508,698.8255208,13.01649841,0.091115489,6
509.001,0.777777778,509,509,698.4375,9.991652529,0.069941568,7
510,0.666666667,510,510,699.6015625,15.00113709,0.10500796,6
511.001,0.555555556,511,511,698.4375,9.986017357,0.069902121,5
512,0.888888889,512,512,699.2135417,10.00997995,0.07006986,8
513.001,0.777777778,513,513,698.4375,14.98366182,0.104885633,7
514.001,0.888888889,514,514,698.4375,12.00765007,0.084053551,8
515,0.222222222,515,515,698.4375,11.10995568,0.07776969,2
516,0.555555556,516,516,698.4375,11.00832229,0.077058256,5
517.001,0.777777778,517,517,698.8255208,9.988635153,0.069920446,7
517.999,0.777777778,518,518,698.4375,18.01543923,0.126108075,7
519,0.555555556,519,519,698.4375,10.98776842,0.076914379,5
520,0.666666667,520,520,699.2135417,11.00086247,0.077006037,6
521.001,0.555555556,521,521,698.4375,7.003531881,0.049024723,5
522,0.444444444,522,522,698.8255208,9.01202294,0.063084161,4
523.001,0.777777778,523,523,698.4375,8.885829202,0.062200804,7
524,0.666666667,524,524,698.4375,8.882918581,0.06218043,6
525,0.777777778,525,525,698.4375,8.882487576,0.062177413,7
526,1.111111111,526,526,698.4375,7.775268958,0.054426883,10
527,0.444444444,527,527,698.4375,12.01710033,0.084119702,4
528,0.111111111,528,528,698.4375,11.09319683,0.077652378,1
529,1.111111111,529,529,698.4375,11.01245178,0.077087162,10
530.001,0.222222222,530,530,698.4375,7.003544494,0.049024811,2
531.001,0.555555556,531,531,698.8255208,13.32164433,0.09325151,5
532.001,0.666666667,532,532,698.8255208,11.09625938,0.077673816,6
533,0.111111111,533,533,698.4375,18.02308216,0.126161575,1
534,0.444444444,534,534,698.4375,9.994359184,0.069960514,4
535,0.666666667,535,535,698.4375,13.33235711,0.0933265,6
536.001,0.555555556,536,536,698.4375,19.02449213,0.133171445,5
537,0.444444444,537,537,698.4375,17.74644544,0.124225118,4
538.001,0.444444444,538,538,698.4375,13.00643428,0.09104504,4
539,0.666666667,539,539,698.4375,10.9949676,0.076964773,6
540,0.666666667,540,540,698.4375,13.99714598,0.097980022,6
541,0.888888889,541,541,698.8255208,9.004203162,0.063029422,8
542.001,0.222222222,542,542,698.4375,10.0136105,0.070095273,2
543.001,0.444444444,543,543,698.4375,19.98795393,0.139915677,4
544,0.888888889,544,544,698.4375,13.01459066,0.091102135,8
545,1.333333333,545,545,700.765625,13.32646872,0.093285281,12
546.001,1,546,546,698.4375,18.88380914,0.132186664,9
547,0.444444444,547,547,698.8255208,14.43969218,0.101077845,4
548.001,0.555555556,548,548,698.8255208,8.880405142,0.062162836,5
549.001,0.555555556,549,549,698.4375,9.00604666,0.063042327,5
550,0.555555556,550,550,698.4375,12.21417579,0.085499231,5
551.001,0.777777778,551,551,698.4375,13.32095816,0.093246707,7
552,1,552,552,698.4375,7.011701829,0.049081913,9
553,0.555555556,553,553,698.8255208,14.41844159,0.100929091,5
554.001,0.333333333,554,554,698.4375,9.982368918,0.069876582,3
555,0.333333333,555,555,698.4375,15.54642807,0.108824997,3
556,0.888888889,556,556,698.8255208,13.32735379,0.093291477,8
557,1,557,557,698.4375,13.99536753,0.097967573,9
558.001,0.444444444,558,558,698.8255208,14.00972695,0.098068089,4
559,0.555555556,559,559,698.4375,10.00058803,0.070004116,5
560,0.444444444,560,560,698.4375,16.66607965,0.116662558,4
560.999,1.111111111,561,561,698.4375,15.0360218,0.105252153,10
562,0.444444444,562,562,698.4375,8.869056693,0.062083397,4
563,0.888888889,563,563,698.4375,8.886472756,0.062205309,8
564.001,1,564,564,698.4375,8.886726452,0.062207085,9
564.999,0.777777778,565,565,698.8255208,10.00026701,0.070001869,7
566,0.888888889,566,566,698.8255208,16.01470951,0.112102967,8
567,1.111111111,567,567,698.4375,13.32234092,0.093256386,10
568,0.333333333,568,568,699.6015625,15.0040631,0.105028442,3
569.001,0.111111111,569,569,698.4375,9.007588894,0.063053122,1
570.001,0.666666667,570,570,698.4375,9.992654289,0.06994858,6
571.001,0.666666667,571,571,698.4375,8.000782477,0.056005477,6
572.001,0.777777778,572,572,698.4375,14.42433852,0.10097037,7
573,1,573,573,698.4375,10.01195528,0.070083687,9
573.999,0.777777778,574,574,698.4375,14.01785173,0.098124962,7
575.001,0.666666667,575,575,698.4375,18.85290289,0.13197032,6
576.001,0.555555556,576,576,698.4375,8.878384773,0.062148693,5
577.001,0.888888889,577,577,698.4375,11.01064619,0.077074523,8
578,0.444444444,578,578,698.8255208,12.21138123,0.085479669,4
579.001,0.555555556,579,579,698.8255208,11.01449177,0.077101442,5
580.001,0.333333333,580,580,698.4375,10.00955412,0.070066879,3
581,1,581,581,698.4375,8.883049764,0.062181348,9
582,1.111111111,582,582,698.4375,12.19792666,0.085385487,10
583,0.777777778,583,583,698.4375,10.0092796,0.070064957,7
584.001,1,584,584,699.2135417,11.10349411,0.077724459,9
585,1.111111111,585,585,698.8255208,11.00652026,0.077045642,10
586.001,0.777777778,586,586,699.2135417,10.01320943,0.070092466,7
587.001,0.444444444,587,587,698.4375,2.219332651,0.015535329,4
588,0.777777778,588,588,699.2135417,12.98873098,0.090921117,7
589,0.777777778,589,589,698.4375,6.001006969,0.042007049,7
590.001,0.555555556,590,590,698.4375,11.0253738,0.077177617,5
591,1.111111111,591,591,698.8255208,11.08966862,0.07762768,10
592.001,0.888888889,592,592,698.4375,9.995496029,0.069968472,8
593.001,0.555555556,593,593,698.4375,5.000650585,0.035004554,5
594,1.111111111,594,594,699.2135417,15.00945596,0.105066192,10
595,1,595,595,698.4375,14.00270112,0.098018908,9
595.999,0.444444444,596,596,698.8255208,15.55355952,0.108874917,4
597,1,597,597,698.8255208,16.00775896,0.112054313,9
598,0.666666667,598,598,698.4375,15.53307919,0.108731554,6
599.001,0.333333333,599,599,698.8255208,7.771742588,0.054402198,3
600,1,600,600,698.4375,8.003656871,0.056025598,9
601.001,1,601,601,698.8255208,12.01171863,0.08408203,9
602.001,1.111111111,602,602,698.4375,15.5443757,0.10881063,10
603,0.666666667,603,603,698.4375,12.20786035,0.085455022,6
604,0.888888889,604,604,698.4375,17.77596858,0.12443178,8
605.001,0.444444444,605,605,698.8255208,10.02959935,0.070207195,4
606,0.888888889,606,606,698.8255208,7.760922778,0.054326459,8
607,0.555555556,607,607,698.8255208,12.0001596,0.084001117,5
608,0.444444444,608,608,698.4375,18.00485591,0.126033991,4
609.001,0.333333333,609,609,698.4375,12.02088268,0.084146179,3
610,1.444444444,610,610,698.4375,13.30334021,0.093123381,13
611,0.666666667,611,611,698.4375,13.00146136,0.09101023,6
612.001,0.555555556,612,612,698.4375,17.00819795,0.119057386,5
613,0.555555556,613,613,698.4375,14.01102387,0.098077167,5
614,0.777777778,614,614,698.4375,12.20156633,0.085410964,7
615.001,0.666666667,615,615,698.4375,11.99680525,0.083977637,6
616.001,0.888888889,616,616,698.4375,10.02682979,0.070187809,8
617.001,0.444444444,617,617,698.4375,13.31433082,0.093200316,4
618,1,618,618,698.8255208,9.991259868,0.069938819,9
619,0.444444444,619,619,698.8255208,6.999712312,0.048997986,4
620,0.333333333,620,620,698.8255208,11.00625375,0.077043776,3
621.001,0.555555556,621,621,698.8255208,9.989051999,0.069923364,5
622.001,0.222222222,622,622,698.4375,10.00169029,0.070011832,2
623.001,0.222222222,623,623,698.4375,11.10129633,0.077709074,2
624,0.444444444,624,624,698.4375,10.0283954,0.070198768,4
625.001,0.777777778,625,625,698.4375,12.2008707,0.085406095,7
626,0.555555556,626,626,698.4375,17.77321401,0.124412498,5
627.001,0.666666667,627,627,698.4375,9.998406254,0.069988844,6
628.001,0.666666667,628,628,698.8255208,18.9972435,0.132980704,6
629,0.666666667,629,629,699.2135417,20.03923883,0.140274672,6
630.001,0.777777778,630,630,698.4375,8.879663905,0.062157647,7
631.001,0.555555556,631,631,699.2135417,16.64671465,0.116527003,5
632,0.777777778,632,632,698.4375,10.00924855,0.07006474,7
633.001,0.777777778,633,633,698.8255208,19.9930704,0.139951493,7
634,0.666666667,634,634,698.4375,7.0000266,0.049000186,6
635,0.444444444,635,635,698.8255208,7.77602558,0.054432179,4
636,0.666666667,636,636,699.2135417,4.006429518,0.028045007,6
637.001,0.222222222,637,637,698.4375,8.991421285,0.062939949,2
638.001,0.666666667,638,638,698.4375,8.883203639,0.062182425,6
639.001,0.666666667,639,639,698.4375,9.006952467,0.063048667,6
640.001,0.666666667,640,640,698.4375,15.53692678,0.108758487,6
641.001,0.555555556,641,641,698.4375,16.01575951,0.112110317,5
642,0.888888889,642,642,698.4375,13.32235719,0.0932565,8
642.999,0.111111111,643,643,698.8255208,11.0112028,0.07707842,1
644,0.555555556,644,644,698.4375,10.00545598,0.070038192,5
645,0.444444444,645,645,698.4375,7.768838434,0.054381869,4
646,0.666666667,646,646,698.4375,7.00199697,0.049013979,6
647.001,0.666666667,647,647,699.2135417,13.32531889,0.093277232,6
648,0.777777778,648,648,698.8255208,13.00076184,0.091005333,7
649,0.777777778,649,649,698.8255208,10.00537689,0.070037638,7
650.001,0.555555556,650,650,698.8255208,6.657613053,0.046603291,5
651,0.888888889,651,651,698.8255208,17.01003422,0.11907024,8
652,0.777777778,652,652,699.6015625,13.3198773,0.093239141,7
653.001,0.444444444,653,653,698.8255208,13.0172283,0.091120598,4
654,0.555555556,654,654,698.4375,5.994426981,0.041960989,5
655,0.777777778,655,655,698.4375,10.99663063,0.076976414,7
656.001,0.555555556,656,656,698.4375,10.01432148,0.07010025,5
657.001,1.333333333,657,657,698.4375,9.995288887,0.069967022,12
658,0.777777778,658,658,698.4375,15.98528075,0.111896965,7
659.001,0.555555556,659,659,698.4375,12.01187374,0.084083116,5
660,0.777777778,660,660,698.4375,10.000048,0.070000336,7
661.003,0.555555556,661,661,698.4375,17.0146394,0.119102476,5
662.001,0.111111111,662,662,698.4375,11.09755237,0.077682867,1
663.001,1.111111111,663,663,698.4375,13.32447404,0.093271318,10
664.001,0.555555556,664,664,698.8255208,16.02039075,0.112142735,5
665,0.888888889,665,665,698.4375,11.10135795,0.077709506,8
666,0.888888889,666,666,698.4375,16.01301378,0.112091096,8
667,0.666666667,667,667,698.4375,9.993257882,0.069952805,6
668,0.888888889,668,668,698.4375,11.10265459,0.077718582,8
669,0.666666667,669,669,698.4375,6.661383449,0.046629684,6
670,0.555555556,670,670,698.4375,10.00744454,0.070052112,5
671.001,0.888888889,671,671,698.4375,9.01247958,0.063087357,8
672,0.444444444,672,672,698.4375,6.66117194,0.046628204,4
673.001,0.888888889,673,673,698.4375,17.74437891,0.124210652,8
674.001,0.888888889,674,674,698.4375,7.001875102,0.049013126,8
675,0.888888889,675,675,698.4375,11.99567316,0.083969712,8
676.001,0.666666667,676,676,698.4375,14.01051349,0.098073594,6
677,0.666666667,677,677,698.4375,17.77696399,0.124438748,6
678,0.888888889,678,678,698.4375,14.01776471,0.098124353,8
679.001,0.666666667,679,679,698.4375,17.73387462,0.124137122,6
680.001,0.666666667,680,680,698.4375,12.01949923,0.084136495,6
681,0.666666667,681,681,698.4375,12.21948099,0.085536367,6
682,0.333333333,682,682,698.4375,14.98183602,0.104872852,3
683,0.888888889,683,683,698.4375,11.02315414,0.077162079,8
684,0.666666667,684,684,698.4375,10.98472245,0.076893057,6
685.001,0.444444444,685,685,698.8255208,8.990594041,0.062934158,4
686.001,0.444444444,686,686,698.4375,16.0320561,0.112224393,4
687.001,0.444444444,687,687,698.4375,9.997769498,0.069984386,4
688,0.444444444,688,688,698.4375,11.00122224,0.077008556,4
689,0.666666667,689,689,698.4375,8.879749653,0.062158248,6
690,0.444444444,690,690,699.2135417,3.999427282,0.027995991,4
691.001,0.333333333,691,691,698.8255208,12.01282008,0.084089741,3
692.001,0.555555556,692,692,698.8255208,10.01721157,0.070120481,5
693,0.666666667,693,693,698.4375,7.765736572,0.054360156,6
694.001,0.777777778,694,694,698.8255208,12.20599503,0.085441965,7
695.001,0.444444444,695,695,698.4375,10.00925255,0.070064768,4
696.001,0.444444444,696,696,698.4375,7.996785292,0.055977497,4
697.001,1.111111111,697,697,698.4375,9.998879126,0.069992154,10
698.001,0.555555556,698,698,698.4375,11.00447662,0.077031336,5
699,0.666666667,699,699,698.8255208,17.03821672,0.119267517,6
700.001,0.444444444,700,700,698.4375,8.857029171,0.061999204,4
701,1,701,701,698.4375,9.0181924,0.063127347,9
702,1,702,702,698.4375,12.22132735,0.085549291,9
703,0.555555556,703,703,698.4375,12.20769236,0.085453846,5
704,1,704,704,698.4375,15.5526714,0.1088687,9
705.001,0.888888889,705,705,698.4375,5.007714384,0.035054001,8
706,0.555555556,706,706,698.4375,4.438287553,0.031068013,5
707,0.888888889,707,707,698.4375,10.00362331,0.070025363,8
708.001,1,708,708,698.4375,13.98598884,0.097901922,9
709.001,0.777777778,709,709,698.4375,16.65561289,0.11658929,7
710.001,0.333333333,710,710,698.4375,16.01251378,0.112087596,3
711.001,0.444444444,711,711,698.4375,18.00293808,0.126020567,4
712.001,0.222222222,712,712,698.4375,7.994757038,0.055963299,2
713.001,0.333333333,713,713,698.4375,13.01155035,0.091080852,3
714.001,0.888888889,714,714,698.4375,17.7722743,0.12440592,8
715,1.333333333,715,715,698.4375,12.00307519,0.084021526,12
716,0.444444444,716,716,698.4375,11.11077285,0.07777541,4
717.001,0.444444444,717,717,698.8255208,14.00433014,0.098030311,4
718.001,0.444444444,718,718,698.4375,12.02092001,0.08414644,4
719,1,719,719,698.8255208,14.41249994,0.1008875,9
720,0.333333333,720,720,698.8255208,12.20170844,0.085411959,3
721,0.666666667,721,721,699.2135417,9.994828232,0.069963798,6
722.001,1,722,722,698.4375,9.012980495,0.063090863,9
723,0.888888889,723,723,698.4375,9.99589946,0.069971296,8
724,0.555555556,724,724,698.4375,8.880913828,0.062166397,5
725,0.666666667,725,725,699.2135417,13.0131055,0.091091738,6
726,1.111111111,726,726,698.4375,8.883344695,0.062183413,10
727,0.555555556,727,727,698.8255208,7.765474677,0.054358323,5
728.001,0.333333333,728,728,699.2135417,7.013925448,0.049097478,3
728.999,0.777777778,729,729,698.8255208,9.979138057,0.069853966,7
730.001,1,730,730,698.4375,14.0163192,0.098114234,9
731.001,0.555555556,731,731,699.2135417,10.02241212,0.070156885,5
732.001,0.444444444,732,732,698.4375,8.864938779,0.062054571,4
733,0.777777778,733,733,698.4375,14.00445061,0.098031154,7
734.001,0.666666667,734,734,698.4375,12.98787452,0.090915122,6
735.001,0.666666667,735,735,698.4375,13.01414377,0.091099006,6
736.001,1,736,736,698.4375,16.66538899,0.116657723,9
736.999,0.555555556,737,737,698.4375,12.00734249,0.084051397,5
738,0.666666667,738,738,698.4375,9.994194483,0.069959361,6
739,0.666666667,739,739,698.4375,11.99544773,0.083968134,6
740,0.666666667,740,740,698.4375,7.99375448,0.055956281,6
741.001,0.888888889,741,741,698.4375,3.329771588,0.023308401,8
742,0.111111111,742,742,698.4375,14.00797054,0.098055794,1
743.001,1,743,743,698.4375,14.00832375,0.098058266,9
744.001,0.666666667,744,744,698.4375,8.882359368,0.062176516,6
745,0.555555556,745,745,698.4375,4.000057601,0.028000403,5
746,0.777777778,746,746,698.4375,9.990489054,0.069933423,7
747,0.555555556,747,747,698.4375,9.00220464,0.063015432,5
748,0.666666667,748,748,698.4375,12.00917741,0.084064242,6
749.001,0.666666667,749,749,698.4375,6.65244448,0.046567111,6
750.001,0.555555556,750,750,698.4375,15.01739615,0.105121773,5
751,0.444444444,751,751,698.4375,7.775759536,0.054430317,4
752.001,0.888888889,752,752,698.8255208,12.00624445,0.084043711,8
753,0.555555556,753,753,699.2135417,7.772210284,0.054405472,5
754,1.111111111,754,754,698.8255208,9.004573423,0.063032014,10
755,0.444444444,755,755,698.4375,11.00091198,0.077006384,4
756.001,0.666666667,756,756,698.4375,9.996785034,0.069977495,6
757.001,0.555555556,757,757,699.2135417,9.998178332,0.069987248,5
758.001,0.444444444,758,758,698.4375,11.11027043,0.077771893,4
759.001,1.222222222,759,759,698.8255208,10.01435056,0.070100454,11
760.001,0.333333333,760,760,698.8255208,11.09364848,0.077655539,3
761.001,0.777777778,761,761,699.2135417,4.442112335,0.031094786,7
762,0.444444444,762,762,698.8255208,14.01239677,0.098086777,4
763,0.555555556,763,763,698.4375,13.31544921,0.093208144,5
764.001,0.666666667,764,764,698.4375,11.10337083,0.077723596,6
765,0.333333333,765,765,698.4375,14.43662621,0.101056383,3
766,0.111111111,766,766,698.4375,16.65588661,0.116591206,1
767,0.444444444,767,767,698.4375,13.01061666,0.091074317,4
767.999,0.111111111,768,768,698.4375,11.01216624,0.077085164,1
769.001,0.444444444,769,769,698.4375,8.876428356,0.062134998,4
770.001,0.666666667,770,770,698.4375,15.55425764,0.108879803,6
771.001,0.555555556,771,771,698.4375,17.00772151,0.119054051,5
772,0.333333333,772,772,698.4375,9.997962637,0.069985738,3
773.001,0.777777778,773,773,698.4375,16.66262876,0.116638401,7
774,0.444444444,774,774,698.4375,9.0049311,0.063034518,4
775.001,0.666666667,775,775,698.4375,11.10547817,0.077738347,6
776.001,0.444444444,776,776,698.4375,9.996464584,0.069975252,4
777,0.333333333,777,777,698.4375,8.012408818,0.056086862,3
778.001,0.222222222,778,778,698.8255208,16.63818579,0.116467301,2
779.001,0.222222222,779,779,698.8255208,14.43053021,0.101013711,2
780.001,0.333333333,780,780,699.2135417,9.996479018,0.069975353,3
781.001,0.555555556,781,781,698.4375,8.005735309,0.056040147,5
782,0.555555556,782,782,698.8255208,9.002591846,0.063018143,5
783.001,0.555555556,783,783,698.8255208,10.00049302,0.070003451,5
784.001,0.333333333,784,784,698.4375,9.00177605,0.063012432,3
785.001,0.333333333,785,785,698.4375,11.10786021,0.077755021,3
786,0.444444444,786,786,698.4375,9.993208615,0.06995246,4
787.001,0.555555556,787,787,699.6015625,14.99621645,0.104973515,5
788,0.333333333,788,788,698.4375,11.0134408,0.077094086,3
789,0.555555556,789,789,698.4375,8.993278424,0.062952949,5
790.001,0.777777778,790,790,698.4375,12.21281293,0.08548969,7
791,0.333333333,791,791,698.4375,9.997729405,0.069984106,3
792,0.444444444,792,792,698.4375,22.02156572,0.15415096,4
793,0.888888889,793,793,698.4375,13.01651275,0.091115589,8
794.001,0.444444444,794,794,698.4375,7.994919229,0.055964435,4
795.001,0.888888889,795,795,698.4375,10.99282169,0.076949752,8
796,0.444444444,796,796,698.4375,10.00113913,0.070007974,4
797.001,0.444444444,797,797,698.4375,11.10867214,0.077760705,4
798.001,0.222222222,798,798,698.8255208,10.01126468,0.070078853,2
799.001,0.444444444,799,799,698.4375,5.546055163,0.038822386,4
800.001,0.777777778,800,800,698.4375,13.32370474,0.093265933,7
801,0.444444444,801,801,698.4375,6.006502038,0.042045514,4
802.001,1.222222222,802,802,698.4375,13.00386605,0.091027062,11
803.001,0.777777778,803,803,698.4375,11.9998596,0.083999017,7
804.001,0.333333333,804,804,698.4375,11.00620199,0.077043414,3
805.001,0.777777778,805,805,698.4375,9.995680866,0.069969766,7
806,0.555555556,806,806,698.4375,13.32553789,0.093278765,5
807.001,0.444444444,807,807,698.8255208,12.21393846,0.085497569,4
808,0.888888889,808,808,698.4375,10.01649516,0.070115466,8
809,0.666666667,809,809,698.4375,10.00446299,0.070031241,6
810.001,0.888888889,810,810,699.2135417,15.5486036,0.108840225,8
811.001,0.222222222,811,811,698.4375,4.440797563,0.031085583,2
812,0.666666667,812,812,698.4375,13.33331407,0.093333199,6
813,0.666666667,813,813,698.4375,7.999525628,0.055996679,6
814.001,0.888888889,814,814,698.4375,7.776784078,0.054437489,8
815.001,0.777777778,815,815,698.4375,13.00526583,0.091036861,7
816,0.666666667,816,816,698.8255208,7.771684777,0.054401793,6
817,0.888888889,817,817,698.8255208,15.01319359,0.105092355,8
818,0.666666667,818,818,698.4375,10.00039302,0.070002751,6
819.001,0.888888889,819,819,699.2135417,15.991801,0.111942607,8
820,0.666666667,820,820,698.8255208,11.09861777,0.077690324,6
821,0.888888889,821,821,698.8255208,6.005197498,0.042036382,8
822,1.222222222,822,822,698.4375,15.9999248,0.111999474,11
823.001,1,823,823,698.8255208,8.005236225,0.056036654,9
824.001,0.888888889,824,824,699.2135417,11.08949891,0.077626492,8
825,0.666666667,825,825,698.4375,12.0366516,0.084256561,6
826,0.444444444,826,826,698.4375,18.86308628,0.132041604,4
827.001,0.444444444,827,827,698.4375,13.32322693,0.093262588,4
828.001,0.333333333,828,828,698.4375,10.98956651,0.076926966,3
829,1,829,829,698.4375,12.21108842,0.085477619,9
830.001,0.777777778,830,830,698.8255208,7.002411631,0.049016881,7
831.001,0.444444444,831,831,698.8255208,13.32838702,0.093298709,4
832,0.222222222,832,832,698.4375,18.0354306,0.126248014,2
833.001,0.555555556,833,833,698.4375,21.08139571,0.14756977,5
834.001,0.444444444,834,834,698.8255208,9.998610193,0.069990271,4
835,0.333333333,835,835,698.8255208,9.991390752,0.069939735,3
836,0.333333333,836,836,698.4375,7.997341684,0.055981392,3
837.001,0.666666667,837,837,698.4375,14.01331686,0.098093218,6
838,0.555555556,838,838,698.4375,11.00183401,0.077012838,5
839.001,0.222222222,839,839,698.4375,11.98414857,0.08388904,2
840.001,0.444444444,840,840,698.4375,10.02294151,0.070160591,4
841.001,0.444444444,841,841,699.2135417,14.43356474,0.101034953,4
842,0.222222222,842,842,698.4375,13.32047168,0.093243302,2
843,0.222222222,843,843,698.4375,7.002067711,0.049014474,2
844.001,0.444444444,844,844,698.4375,14.00108368,0.098007586,4
845.001,0.333333333,845,845,698.4375,15.0045824,0.105032077,3
846,0.222222222,846,846,698.4375,12.21749812,0.085522487,2
847,0.666666667,847,847,698.4375,13.31663132,0.093216419,6
848.001,0.111111111,848,848,698.4375,8.017564078,0.056122949,1
849,0.111111111,849,849,698.4375,5.55262562,0.038868379,1
850,0.111111111,850,850,698.4375,19.00621693,0.133043519,1
851,0.333333333,851,851,698.4375,17.96028622,0.125722004,3
852,0.111111111,852,852,698.4375,16.02633126,0.112184319,1
853,0.333333333,853,853,698.4375,11.09971048,0.077697973,3
854,0.333333333,854,854,698.4375,9.996909844,0.069978369,3
855.001,0.111111111,855,855,698.4375,8.88183178,0.062172822,1
856,0.333333333,856,856,698.4375,13.01978095,0.091138467,3
857,0.333333333,857,857,698.4375,6.652496848,0.046567478,3
858.001,0.222222222,858,858,698.4375,8.020205303,0.056141437,2
859,0.111111111,859,859,698.4375,13.30551741,0.093138622,1
860.001,0.222222222,860,860,698.4375,17.77120441,0.124398431,2
861,0.111111111,861,861,698.4375,8.859024134,0.062013169,1
862,0.333333333,862,862,698.4375,7.031656518,0.049221596,3
863.001,0,863,863,698.4375,18.87294335,0.132110603,0
864,0,864,864,698.4375,11.11020625,0.077771444,0
865,0.222222222,865,865,698.4375,13.32633257,0.093284328,2
866.001,0.111111111,866,866,698.4375,12.01652031,0.084115642,1
867,0.333333333,867,867,698.4375,12.20982518,0.085468776,3
868,0.222222222,868,868,698.8255208,9.996031575,0.069972221,2
869,0.333333333,869,869,698.4375,12.01716291,0.08412014,3
870,0.333333333,870,870,699.2135417,12.2091801,0.085464261,3
871,0.111111111,871,871,698.4375,11.01446971,0.077101288,1
872,0.111111111,872,872,698.8255208,14.43013776,0.101010964,1
873.001,0.333333333,873,873,698.4375,17.74953236,0.124246726,3
874,0.111111111,874,874,698.8255208,14.00645137,0.09804516,1
875,0.222222222,875,875,698.4375,13.02446516,0.091171256,2
876,0.222222222,876,876,698.4375,15.53029639,0.108712075,2
877,0.111111111,877,877,698.8255208,11.99706432,0.08397945,1
878.001,0.222222222,878,878,698.4375,9.999968,0.069999776,2
879,0.111111111,879,879,698.4375,12.00593934,0.084041575,1
880.001,0.444444444,880,880,698.4375,14.99355127,0.104954859,4
880.999,0.333333333,881,881,698.4375,16.99252159,0.118947651,3
881.999,0.333333333,882,882,698.4375,13.02273248,0.091159127,3
883.001,0,883,883,698.4375,8.885261728,0.062196832,0
884.001,0.333333333,884,884,698.4375,12.22005656,0.085540396,3
885,0,885,885,698.4375,8.887011755,0.062209082,0
886,0.111111111,886,886,698.4375,15.98650739,0.111905552,1
887,0.111111111,887,887,698.4375,10.00414572,0.07002902,1
888,0.333333333,888,888,698.4375,9.992801852,0.069949613,3
889,0,889,889,698.4375,12.00802136,0.08405615,0
889.999,0,890,890,698.4375,14.0140084,0.098098059,0
891,0.444444444,891,891,698.8255208,10.98082528,0.076865777,4
892.001,0.333333333,892,892,698.8255208,9.013789295,0.063096525,3
893,0.333333333,893,893,698.4375,15.53710266,0.108759719,3
894,0.111111111,894,894,698.4375,11.1061442,0.077743009,1
895.001,0.222222222,895,895,699.2135417,7.011923776,0.049083466,2
896,0.111111111,896,896,698.8255208,15.52247371,0.108657316,1
897.001,0.111111111,897,897,698.4375,14.4343981,0.101040787,1
898,0.111111111,898,898,698.8255208,16.02733301,0.112191331,1
899,0.222222222,899,899,698.4375,9.981052967,0.069867371,2
900,0.111111111,900,900,698.8255208,13.01622603,0.091113582,1
,0.111111111,901,901,,,,1
,0.555555556,902,902,,,,5
,0.222222222,903,903,,,,2
,0.111111111,904,904,,,,1
,0.111111111,905,905,,,,1
,0.111111111,906,906,,,,1
,0,907,907,,,,0
,0.111111111,908,908,,,,1
,0,909,909,,,,0
,0.222222222,910,910,,,,2
,0.222222222,911,911,,,,2
,0,912,912,,,,0
,0.222222222,913,913,,,,2
,0.222222222,914,914,,,,2
,0.222222222,915,915,,,,2
,0.333333333,916,916,,,,3
,0,917,917,,,,0
,0.222222222,918,918,,,,2
,0,919,919,,,,0
,0.222222222,920,920,,,,2
,0,921,921,,,,0
,0,922,922,,,,0
,0.555555556,923,923,,,,5
,0.111111111,924,924,,,,1
,0.333333333,925,925,,,,3
,0.111111111,926,926,,,,1
,0.444444444,927,927,,,,4
,0,928,928,,,,0
,0.111111111,929,929,,,,1
,0,930,930,,,,0
,0,931,931,,,,0
,0.111111111,932,932,,,,1
,0,933,933,,,,0
,0.222222222,934,934,,,,2
,0.333333333,935,935,,,,3
,0.222222222,936,936,,,,2
,0.111111111,937,937,,,,1
,0.111111111,938,938,,,,1
,0.111111111,939,939,,,,1
,0,940,940,,,,0
,0.444444444,941,941,,,,4
,0,942,942,,,,0
,0.111111111,943,943,,,,1
,0.333333333,944,944,,,,3
,0.111111111,945,945,,,,1
,0.222222222,946,946,,,,2
,0.555555556,947,947,,,,5
,0.222222222,948,948,,,,2
,0.111111111,949,949,,,,1
,0.333333333,950,950,,,,3
,0.222222222,951,951,,,,2
,0.222222222,952,952,,,,2
,0.111111111,953,953,,,,1
,0.111111111,954,954,,,,1
,0.333333333,955,955,,,,3
,0,956,956,,,,0
,0,957,957,,,,0
,0.111111111,958,958,,,,1
,0,959,959,,,,0
,0,960,960,,,,0
,0,961,961,,,,0
,0,962,962,,,,0
,0.111111111,963,963,,,,1
,0,964,964,,,,0
,0,965,965,,,,0
,0.111111111,966,966,,,,1
,0.222222222,967,967,,,,2
,0,968,968,,,,0
,0,969,969,,,,0
,0.222222222,970,970,,,,2
,0,971,971,,,,0
,0.111111111,972,972,,,,1
,0.333333333,973,973,,,,3
,0.111111111,974,974,,,,1
,0.222222222,975,975,,,,2
,0.111111111,976,976,,,,1
,0.444444444,977,977,,,,4
,0.222222222,978,978,,,,2
,0,979,979,,,,0
,0,980,980,,,,0
,0.222222222,981,981,,,,2
,0,982,982,,,,0
,0.444444444,983,983,,,,4
,0.111111111,984,984,,,,1
,0.111111111,985,985,,,,1
,0.222222222,986,986,,,,2
,0.111111111,987,987,,,,1
,0.222222222,988,988,,,,2
,0.111111111,989,989,,,,1
,0.222222222,990,990,,,,2
,0.222222222,991,991,,,,2
,0,992,992,,,,0
,0.111111111,993,993,,,,1
,0.111111111,994,994,,,,1
,0,995,995,,,,0
,0,996,996,,,,0
,0.222222222,997,997,,,,2
,0.111111111,998,998,,,,1
,0.222222222,999,999,,,,2
,0.222222222,1000,1000,,,,2
,0,1001,1001,,,,0
,0.333333333,1002,1002,,,,3
,0.111111111,1003,1003,,,,1
,0.111111111,1004,1004,,,,1
,0.111111111,1005,1005,,,,1
,0.111111111,1006,1006,,,,1
,0,1007,1007,,,,0
,0,1008,1008,,,,0
,0,1009,1009,,,,0
,0.111111111,1010,1010,,,,1
,0.111111111,1011,1011,,,,1
,0,1012,1012,,,,0
,0.222222222,1013,1013,,,,2
,0.555555556,1014,1014,,,,5
,0.111111111,1015,1015,,,,1
,0.111111111,1016,1016,,,,1
,0.111111111,1017,1017,,,,1
,0,1018,1018,,,,0
,0,1019,1019,,,,0
,0.111111111,1020,1020,,,,1
,0,1021,1021,,,,0
,0,1022,1022,,,,0
,2.111111111,1023,1023,,,,19
