Time t / s,Events N,Channel n,Energy E / keV,Voltage U / V,Rate R / 1/s,Raw
0,0,0,0,699.6015625,,0
1,0,1,1,699.6015625,8.470407467,0
1.999,0,2,2,699.6015625,11.01322689,0
3.001,0,3,3,699.6015625,8.990823965,0
4.001,0,4,4,699.6015625,12.22074215,0
5,0,5,5,699.6015625,13.01074297,0
6.001,0,6,6,698.4375,14.00214233,0
6.999,0,7,7,698.8255208,8.005526215,0
8,0,8,8,699.2135417,9.994343202,0
9.002,0,9,9,699.2135417,15.53487518,0
10,0,10,10,699.6015625,11.01826277,0
11.001,0,11,11,699.6015625,19.98247936,0
12.001,0,12,12,699.6015625,21.02593128,0
13.001,0,13,13,699.6015625,15.53793726,0
14.001,0,14,14,699.6015625,15.55504224,0
15,0,15,15,699.6015625,22.22127411,0
16,0,16,16,699.2135417,12.00592973,0
17,0.083333333,17,17,699.6015625,8.887813463,1
18.001,0.416666667,18,18,698.4375,11.10904977,5
19,0.833333333,19,19,698.8255208,9.993872757,10
20,1,20,20,698.4375,13.00669064,12
21.001,1.333333333,21,21,699.6015625,10.01357039,16
22.001,0.916666667,22,22,699.6015625,9.989122955,11
23,0.833333333,23,23,699.6015625,15.00649331,10
24,1.916666667,24,24,699.6015625,13.32471372,23
25,1.416666667,25,25,699.6015625,8.876476616,17
26,1.333333333,26,26,699.6015625,9.016296957,16
27.001,1.583333333,27,27,699.6015625,12.97875378,19
28,1.333333333,28,28,699.6015625,12.02719469,16
29.001,2,29,29,699.2135417,14.42584952,24
30,1.833333333,30,30,698.8255208,8.997627326,22
31,1.916666667,31,31,698.8255208,15.01773895,23
32.001,1.583333333,32,32,699.6015625,9.00153026,19
33,1.833333333,33,33,699.2135417,12.21016265,22
34.001,1.75,34,34,699.6015625,13.99574809,21
35.001,1.5,35,35,699.6015625,10.9997712,18
36,1.583333333,36,36,699.6015625,12.00632493,19
37,2.416666667,37,37,699.6015625,9.987860311,29
38,1.833333333,38,38,699.6015625,12.21312209,22
39.001,1.833333333,39,39,699.6015625,9.021117534,22
39.999,1.666666667,40,40,699.2135417,13.32373284,20
41,2.083333333,41,41,698.4375,10.00409267,25
42,2.083333333,42,42,699.2135417,16.01000305,25
43.001,2.166666667,43,43,698.4375,13.98193534,26
44,1.833333333,44,44,699.6015625,11.01813806,22
45,1.5,45,45,698.4375,13.29929453,18
46.001,2.166666667,46,46,699.6015625,13.32067573,26
47.001,1.916666667,47,47,699.6015625,14.40321285,23
48.001,2.5,48,48,699.6015625,9.010610895,30
49.001,1.916666667,49,49,699.6015625,16.64185182,23
50,2.5,50,50,699.2135417,11.00860763,30
51,2.166666667,51,51,699.6015625,15.02456065,26
52,1.916666667,52,52,699.6015625,8.883213502,23
53,1.916666667,53,53,698.8255208,7.989200199,23
54,1.833333333,54,54,698.8255208,12.01494178,22
55,2.333333333,55,55,698.4375,17.01194919,28
56.001,2.166666667,56,56,699.6015625,12.20739837,26
57,1.666666667,57,57,699.6015625,8.007974341,20
58,2.166666667,58,58,699.6015625,15.54410818,26
59.001,1.333333333,59,59,699.9895833,9.010533313,16
60.001,1.833333333,60,60,699.6015625,12.21459217,22
61,1.75,61,61,698.4375,15.5484171,21
62.001,2.333333333,62,62,699.2135417,15.53806832,28
63.001,1.75,63,63,698.4375,13.01643194,21
64.001,1.833333333,64,64,699.6015625,11.09582476,22
65.001,2,65,65,699.6015625,14.01578598,24
66,1.75,66,66,699.6015625,18.87020319,21
67,2,67,67,699.6015625,8.881604,24
68.001,3.083333333,68,68,699.6015625,11.00631542,37
69,2,69,69,699.2135417,7.77664066,24
70.001,2.916666667,70,70,699.6015625,7.772153329,35
71.001,2.25,71,71,699.2135417,9.00373565,27
72.001,3.166666667,72,72,698.4375,9.992551552,38
72.999,2.916666667,73,73,698.8255208,13.03537802,35
74,3,74,74,699.2135417,5.538898242,36
75.001,2.833333333,75,75,699.6015625,13.02425116,34
76,3.833333333,76,76,699.6015625,9.997496627,46
77.001,4.333333333,77,77,699.9895833,13.0000897,52
78,4.25,78,78,699.6015625,12.2144796,51
79.001,4.666666667,79,79,699.6015625,11.00935355,56
80,4.25,80,80,699.6015625,11.98577528,51
81,5.583333333,81,81,698.8255208,11.01004557,67
82,4,82,82,698.8255208,16.99684708,48
83.001,5.416666667,83,83,698.8255208,12.010163,65
84.001,3.833333333,84,84,699.6015625,9.981891739,46
85,4.666666667,85,85,700.3776042,17.76563201,56
86,4.5,86,86,699.6015625,16.9936138,54
86.999,3.833333333,87,87,699.6015625,10.01500548,46
88.001,4.25,88,88,699.6015625,16.65485837,51
89.001,4,89,89,699.2135417,13.02297644,48
90,3.083333333,90,90,699.2135417,8.865923193,37
91,3,91,91,699.2135417,11.00998385,36
92,3.25,92,92,698.8255208,7.00037872,39
93,4,93,93,699.2135417,13.98428725,48
94.001,3.916666667,94,94,699.6015625,13.02368096,47
95.001,3.583333333,95,95,699.6015625,16.6553059,43
96,4.083333333,96,96,699.6015625,18.0474395,49
96.999,3,97,97,699.6015625,8.873353619,36
98,3.666666667,98,98,699.6015625,8.886125304,44
99.001,2.333333333,99,99,699.6015625,15.55506644,28
100,3.083333333,100,100,699.6015625,6.994746945,37
101.001,1.666666667,101,101,699.6015625,12.99734984,20
102.001,2.916666667,102,102,698.8255208,16.04880924,35
103.001,2,103,103,698.4375,12.20914487,24
104,2.583333333,104,104,698.4375,7.770783209,31
105,3.166666667,105,105,699.6015625,13.00588777,38
106,3.166666667,106,106,699.6015625,13.32520496,38
107.001,2,107,107,699.6015625,6.659891337,24
108.001,2.333333333,108,108,699.2135417,13.32654568,28
109,2.833333333,109,109,699.2135417,14.03288748,34
110,2.333333333,110,110,699.6015625,12.21087561,28
111,1.916666667,111,111,699.6015625,12.20402602,23
112,1.916666667,112,112,699.6015625,8.005321137,23
113,2.083333333,113,113,699.9895833,21.98892418,25
114,2.5,114,114,699.6015625,8.997684896,30
115.001,3.75,115,115,698.4375,12.01684882,45
116.001,1.833333333,116,116,699.2135417,9.997689423,22
117.001,2.083333333,117,117,699.2135417,14.43659895,25
118,2.833333333,118,118,699.6015625,9.007956728,34
119,2.666666667,119,119,699.6015625,14.41440642,32
120,2,120,120,699.6015625,13.33137658,24
121.001,2.666666667,121,121,699.2135417,13.02071205,32
122,2.333333333,122,122,699.6015625,11.09885797,28
123.001,1.833333333,123,123,699.9895833,15.00890478,22
124.001,3.083333333,124,124,699.6015625,7.777388908,37
125,1.833333333,125,125,699.9895833,12.99779038,22
126,3.25,126,126,699.6015625,13.32997714,39
127.001,2.833333333,127,127,698.8255208,10.00613176,34
128,2.75,128,128,698.8255208,10.0180435,33
129.001,3.25,129,129,698.4375,7.75675095,39
130.001,2.916666667,130,130,699.2135417,14.01510688,35
131.001,2.916666667,131,131,699.2135417,13.30705191,35
132,2.416666667,132,132,699.6015625,10.01595341,29
133,2.833333333,133,133,699.6015625,19.99206981,34
134,2,134,134,699.6015625,8.009986852,24
135.001,2.166666667,135,135,699.2135417,19.97500683,26
136.001,3.5,136,136,699.6015625,13.3265442,42
137,2.833333333,137,137,699.6015625,11.09562532,34
138,3.583333333,138,138,699.6015625,9.022059839,43
139.001,2.666666667,139,139,699.6015625,11.10485661,32
140.001,3,140,140,699.6015625,15.53332909,36
141.001,2.583333333,141,141,699.2135417,16.00661553,31
142,2.416666667,142,142,699.6015625,7.000508237,29
143.001,1.833333333,143,143,699.6015625,10.9939786,22
144,2.333333333,144,144,699.2135417,17.77162287,28
145,2.166666667,145,145,698.4375,9.006265659,26
146,3.083333333,146,146,699.2135417,8.005640774,37
147.001,1.5,147,147,698.4375,11.0040594,18
148,2.75,148,148,699.6015625,14.4160896,33
149.001,3,149,149,699.6015625,9.999211062,36
150,2,150,150,699.6015625,15.02624785,24
151,3.25,151,151,699.6015625,9.988682822,39
152.001,2.5,152,152,699.9895833,11.10258802,30
153.001,3.083333333,153,153,699.9895833,16.03642835,37
154,2.416666667,154,154,699.9895833,13.99075351,29
155,2.166666667,155,155,699.6015625,15.5378062,26
156,3.25,156,156,699.2135417,12.01090951,39
157.001,2.666666667,157,157,699.6015625,15.54844473,32
158,2.833333333,158,158,699.2135417,11.00497755,34
159,1.75,159,159,699.2135417,13.32840775,21
160.001,2.916666667,160,160,698.4375,12.21479427,35
161,2.916666667,161,161,698.8255208,13.98953303,35
162,2.333333333,162,162,699.6015625,14.01463969,28
163,2.416666667,163,163,699.2135417,8.017752105,29
164,2.833333333,164,164,699.6015625,14.41916285,34
165.001,3.166666667,165,165,699.6015625,12.9999155,38
166.001,2.666666667,166,166,699.6015625,13.31350361,32
167.001,2.416666667,167,167,699.6015625,15.02681234,29
168.001,3.666666667,168,168,699.6015625,13.31613185,44
169,2.5,169,169,699.6015625,14.44364362,30
170,3.583333333,170,170,699.2135417,11.00304674,43
171.001,3.083333333,171,171,699.2135417,14.43058467,37
172,3.25,172,172,699.6015625,9.011693574,39
173,3.333333333,173,173,699.2135417,15.53269833,40
173.999,3.083333333,174,174,698.4375,6.010124054,37
175,3.75,175,175,698.8255208,14.42006172,45
176,3,176,176,698.8255208,10.0092215,36
177,3.833333333,177,177,699.6015625,10.00117914,46
178.001,3.666666667,178,178,699.6015625,12.21316413,44
179,3.583333333,179,179,699.9895833,13.00028991,43
180,3.333333333,180,180,699.6015625,13.01080938,40
181,3.25,181,181,699.6015625,9.993578571,39
182.001,4.25,182,182,699.6015625,12.20998917,51
183.001,2.416666667,183,183,699.6015625,14.00162419,29
184.001,3.333333333,184,184,699.6015625,12.00355185,40
185.001,3.333333333,185,185,698.8255208,16.02439714,40
186,5.083333333,186,186,699.6015625,9.985936805,61
187,4.416666667,187,187,698.8255208,14.0282768,53
188,3.833333333,188,188,698.8255208,7.76545831,46
189,4.083333333,189,189,699.6015625,13.00668153,49
190,4.083333333,190,190,699.6015625,8.87914255,49
191,4.666666667,191,191,699.6015625,15.53374618,56
192,5.166666667,192,192,699.6015625,12.03416137,62
193.001,3.833333333,193,193,699.6015625,11.11067286,46
194,4.666666667,194,194,699.6015625,11.10287401,56
195,4.916666667,195,195,699.9895833,13.0011142,59
196,5.25,196,196,699.6015625,11.01035083,63
197.001,5.166666667,197,197,699.6015625,7.774141207,62
198.001,4.25,198,198,698.8255208,11.01712723,51
199.001,4.75,199,199,698.4375,11.09267385,57
200.001,5.25,200,200,699.6015625,13.0297652,63
201,4.583333333,201,201,699.2135417,16.62240858,55
202.001,5.5,202,202,699.6015625,11.017594,66
203,5.75,203,203,699.6015625,14.44418124,69
204,5.25,204,204,699.6015625,7.767310895,63
205,5.333333333,205,205,699.6015625,14.00526178,64
206.001,5.25,206,206,699.6015625,13.32272105,63
206.999,5.083333333,207,207,699.6015625,21.08881789,61
208.001,5.75,208,208,699.2135417,8.012006793,69
209.001,5.666666667,209,209,698.4375,6.658325265,68
210,5.25,210,210,699.6015625,10.01492223,63
211.001,4.916666667,211,211,698.4375,11.09814971,59
212,4.75,212,212,699.6015625,11.10773683,57
213,3.75,213,213,699.6015625,15.0059979,45
214.001,5.166666667,214,214,699.6015625,8.002150178,62
215.001,4.5,215,215,699.6015625,12.99195538,54
216,5.333333333,216,216,699.9895833,17.00684355,64
217,5.083333333,217,217,699.6015625,14.0225005,61
218,4.833333333,218,218,699.6015625,9.982011307,58
219,3.583333333,219,219,698.4375,9.014734584,43
220.001,5.166666667,220,220,699.6015625,10.97741178,62
221,4.583333333,221,221,698.8255208,13.32681208,55
222,3.75,222,222,699.6015625,11.00601258,45
223.001,2.416666667,223,223,698.8255208,13.01177175,29
224.001,3,224,224,699.6015625,14.42850896,36
225.001,3.416666667,225,225,699.6015625,14.02314099,41
226.001,2.166666667,226,226,699.6015625,4.436730449,26
227,3.666666667,227,227,699.6015625,12.01236072,44
228,2.416666667,228,228,699.6015625,11.00954197,29
229.001,1.583333333,229,229,698.4375,13.29945961,19
230.001,3.083333333,230,230,698.8255208,12.01639758,37
231.001,2.416666667,231,231,699.6015625,7.77501851,29
231.999,2.333333333,232,232,698.8255208,16.00452288,28
233.001,3.083333333,233,233,699.6015625,14.42897338,37
234,2.5,234,234,698.8255208,12.21993031,30
235.001,2.75,235,235,699.6015625,8.879332754,33
236,2.166666667,236,236,699.9895833,8.000178404,26
237.001,2,237,237,699.6015625,16.64903719,24
238.001,1.5,238,238,699.6015625,14.00269412,18
239.001,1.75,239,239,699.6015625,10.01461132,21
240.001,1.333333333,240,240,699.6015625,5.994176657,16
241,2.333333333,241,241,699.6015625,8.00668398,28
242.001,1.083333333,242,242,699.6015625,17.75139723,13
243,1.833333333,243,243,698.4375,18.01010187,22
244,1.916666667,244,244,698.8255208,12.21106809,23
245.001,1.333333333,245,245,699.2135417,10.00463715,16
246.001,2.166666667,246,246,699.6015625,9.007164298,26
247,1.583333333,247,247,699.6015625,13.0062482,19
248,1.833333333,248,248,699.6015625,13.99760781,22
249.001,1.416666667,249,249,699.9895833,16.65357696,17
250.001,1.416666667,250,250,699.9895833,16.01310032,17
251.001,1.833333333,251,251,699.6015625,14.99638287,22
252,1.666666667,252,252,699.6015625,14.42881643,20
253,1.75,253,253,698.8255208,10.01274823,21
254,1.583333333,254,254,698.8255208,14.9808799,19
255,1.666666667,255,255,698.4375,15.01291561,20
256.001,2.083333333,256,256,698.8255208,15.99744041,25
257,2.583333333,257,257,699.2135417,8.996317807,31
258,2,258,258,699.2135417,18.01813165,24
259,1.166666667,259,259,699.6015625,8.883656415,14
260,1.333333333,260,260,699.9895833,11.00312489,16
261.001,1.416666667,261,261,699.6015625,8.002676895,17
262.001,1.25,262,262,699.6015625,5.996501641,15
263.001,1.416666667,263,263,699.6015625,16.01527056,17
264,1.583333333,264,264,699.6015625,15.54458108,19
265,2.25,265,265,699.6015625,8.88303201,27
266.001,1.333333333,266,266,698.4375,7.767607391,16
267,1.833333333,267,267,698.8255208,7.776390124,22
268.001,1.833333333,268,268,698.4375,11.00704561,22
269,1.25,269,269,699.2135417,19.00984139,15
270.001,1.666666667,270,270,699.6015625,12.21561629,20
271.001,0.666666667,271,271,699.6015625,13.99861834,8
272,1.083333333,272,272,699.6015625,9.005219425,13
273,1.416666667,273,273,699.6015625,14.42540451,17
274.001,2,274,274,699.9895833,16.01029302,24
275.001,1.083333333,275,275,699.6015625,6.661664497,13
276.001,1.416666667,276,276,699.6015625,14.00068743,17
277.001,1.416666667,277,277,699.2135417,15.00752027,17
278,1.916666667,278,278,699.2135417,13.00347193,23
279,1.083333333,279,279,699.6015625,13.0122302,13
280.001,0.916666667,280,280,699.2135417,14.42283263,11
281.001,1,281,281,699.2135417,10.01057718,12
282.001,1.083333333,282,282,699.6015625,17.02148622,13
283,0.833333333,283,283,698.8255208,13.30484323,10
284,1.5,284,284,698.4375,8.881438349,18
285.001,1.833333333,285,285,699.6015625,13.00518777,22
286,0.333333333,286,286,698.8255208,8.888384226,4
287.001,0.833333333,287,287,698.4375,11.01582975,10
288.001,1.083333333,288,288,699.6015625,7.76697995,13
289.001,1.333333333,289,289,699.2135417,6.006972894,16
290.001,1.666666667,290,290,699.6015625,14.00435115,20
291,1.333333333,291,291,699.2135417,17.99021332,16
292.001,1.166666667,292,292,699.2135417,10.00590849,14
293,1.333333333,293,293,699.2135417,9.998358047,16
294.001,1.666666667,294,294,699.6015625,8.994960124,20
295,1.166666667,295,295,699.6015625,19.00225747,14
296.001,1.5,296,296,698.8255208,12.22114948,18
297.001,1,297,297,702.3177083,13.99340351,12
298,1,298,298,699.2135417,16.00793674,12
298.999,0.916666667,299,299,699.6015625,12.99795152,11
300.001,1.25,300,300,699.2135417,11.01788313,15
301,1.166666667,301,301,699.6015625,9.999595572,14
302.001,1.333333333,302,302,699.6015625,11.0929421,16
303.001,0.916666667,303,303,699.6015625,10.00926057,11
304,1.25,304,304,699.6015625,19.97479181,15
305.001,1.666666667,305,305,699.6015625,10.00771595,20
306.001,1.25,306,306,699.6015625,12.99714323,15
307,0.916666667,307,307,699.6015625,9.998618191,11
308,1.25,308,308,699.6015625,13.32712881,15
309,1.333333333,309,309,699.6015625,16.01860882,16
310,1.666666667,310,310,699.6015625,9.989830353,20
311.001,1.083333333,311,311,699.6015625,11.00662819,13
312.001,1.416666667,312,312,699.6015625,17.76613504,17
313,0.833333333,313,313,699.6015625,15.0058778,10
314.001,1.166666667,314,314,699.6015625,15.02202981,14
315.001,1.5,315,315,699.2135417,9.99201416,18
316,1,316,316,699.6015625,11.1003216,12
317.001,1.083333333,317,317,699.6015625,15.03124545,13
318.001,0.75,318,318,699.6015625,12.21469526,9
319,1.166666667,319,319,698.8255208,6.658236599,14
320.001,1.25,320,320,699.6015625,9.012789148,15
320.999,1.333333333,321,321,699.2135417,11.09584692,16
322,1.5,322,322,698.8255208,13.0265951,18
323.001,1.25,323,323,699.2135417,15.54453793,15
324,0.916666667,324,324,698.4375,8.866822324,11
325,1.916666667,325,325,699.6015625,8.002041321,23
326.001,1.083333333,326,326,700.765625,16.01839392,13
327.001,1.25,327,327,699.2135417,12.21474951,15
328.001,1.666666667,328,328,698.4375,10.0019914,20
329.001,1.083333333,329,329,698.4375,11.1040514,13
330,1.083333333,330,330,699.6015625,13.00924697,13
331,0.666666667,331,331,698.8255208,18.00290927,8
332.002,1.083333333,332,332,699.6015625,3.324282052,13
333.001,0.916666667,333,333,699.2135417,10.00834596,11
334,0.75,334,334,699.9895833,16.0260985,9
335.001,1.666666667,335,335,699.9895833,15.5498574,20
336,1.416666667,336,336,699.6015625,15.53706127,17
337.001,1.5,337,337,699.6015625,13.01816685,18
338,1.25,338,338,699.6015625,4.997908375,15
339,0.75,339,339,699.9895833,9.988358568,9
340,1.166666667,340,340,699.6015625,26.04572849,14
341,0.666666667,341,341,699.6015625,7.777680125,8
342.001,0.916666667,342,342,699.9895833,14.41366646,11
343.001,0.666666667,343,343,699.6015625,8.006958848,8
344,1.5,344,344,699.6015625,9.998066374,18
345.001,1,345,345,699.6015625,21.02667233,12
346.001,0.833333333,346,346,699.6015625,12.20834811,10
347,0.75,347,347,699.6015625,8.993732268,9
348.001,1.333333333,348,348,699.6015625,18.0305311,16
349,0.583333333,349,349,698.8255208,11.10634032,7
350,0.666666667,350,350,699.9895833,12.00273542,8
351.001,0.583333333,351,351,698.4375,18.97620953,7
352,1.166666667,352,352,699.6015625,12.01222484,14
353.001,1.25,353,353,699.9895833,21.08455628,15
354.001,0.583333333,354,354,698.4375,14.99012151,7
355,0.666666667,355,355,699.2135417,17.01368751,8
356,0.916666667,356,356,699.6015625,12.01307864,11
357.001,1.5,357,357,699.2135417,9.991762791,18
358,0.833333333,358,358,698.4375,11.99341442,10
359.001,1.5,359,359,698.4375,11.03026152,18
360,1.083333333,360,360,699.6015625,13.32336893,13
361.001,0.833333333,361,361,698.8255208,13.31556297,10
362,1.416666667,362,362,699.2135417,14.98872548,17
363,1,363,363,699.6015625,13.00169022,12
364.001,1.25,364,364,699.6015625,19.95890683,15
365,1.083333333,365,365,699.2135417,10.01500949,13
366.001,1,366,366,699.6015625,9.994640874,12
367,1.166666667,367,367,699.6015625,12.00561503,14
368,0.416666667,368,368,699.9895833,16.01458609,5
369,1.083333333,369,369,699.6015625,5.536615409,13
370.001,1.25,370,370,699.6015625,14.017157,15
371.001,1.083333333,371,371,699.9895833,10.01360649,13
372,1.083333333,372,372,699.6015625,9.975716888,13
373.001,0.916666667,373,373,699.6015625,11.01931797,11
374,1.5,374,374,699.6015625,12.21934796,18
375,1.5,375,375,699.6015625,10.99001447,18
376.001,0.75,376,376,699.9895833,13.00401434,9
377,1.75,377,377,699.6015625,12.01239319,21
378.001,1.333333333,378,378,698.8255208,15.54355938,16
379.001,1.5,379,379,698.8255208,9.998988991,18
380,1.25,380,380,698.8255208,16.98964821,15
381.001,0.916666667,381,381,698.8255208,8.003182065,11
382.001,0.916666667,382,382,698.8255208,10.98489357,11
383,0.666666667,383,383,698.8255208,12.00198993,8
384.001,1.833333333,384,384,698.8255208,9.005506867,22
385.001,1.083333333,385,385,698.8255208,10.99674936,13
386.001,1.333333333,386,386,699.2135417,12.01554331,16
387,0.833333333,387,387,699.2135417,9.987388148,10
388,1,388,388,699.6015625,8.014124895,12
389.001,1.333333333,389,389,699.6015625,12.22166274,16
390,1.5,390,390,699.6015625,15.54512132,18
391.001,1.166666667,391,391,699.9895833,16.00029121,14
392.001,0.666666667,392,392,699.6015625,12.2179853,8
393,0.833333333,393,393,699.2135417,12.21083901,10
394.001,0.833333333,394,394,699.6015625,12.20178288,10
395,1,395,395,699.6015625,7.011878122,12
396,1.083333333,396,396,698.8255208,10.00511562,13
397.001,1.083333333,397,397,699.2135417,11.09492608,13
398,1.083333333,398,398,698.4375,17.00460995,13
399.001,1.083333333,399,399,699.6015625,10.00968337,13
400,0.75,400,400,698.4375,14.43684906,9
401,0.916666667,401,401,699.6015625,11.01325886,11
402,0.75,402,402,699.2135417,11.09468974,9
403,1.166666667,403,403,699.6015625,15.54794052,14
404,0.916666667,404,404,699.6015625,13.99113801,11
405.001,1.166666667,405,405,699.6015625,18.01460985,14
406.001,0.5,406,406,699.6015625,9.007668228,6
407.001,0.75,407,407,699.6015625,14.43529567,9
408,1.166666667,408,408,699.6015625,13.00147957,14
409,1.25,409,409,699.6015625,9.99578178,15
410,0.416666667,410,410,699.6015625,11.00111661,5
411,1,411,411,699.6015625,13.00464136,12
412,1,412,412,699.6015625,13.00117141,12
413,1.166666667,413,413,699.2135417,12.20495492,14
414.001,1.166666667,414,414,699.6015625,8.006142312,14
415.001,1.583333333,415,415,698.4375,9.011791027,19
416.001,1.083333333,416,416,699.2135417,13.30661808,13
417.001,1.25,417,417,698.4375,11.0232414,15
418,0.75,418,418,698.8255208,8.982008139,9
419,0.666666667,419,419,699.6015625,12.00723796,8
420.001,1,420,420,698.4375,3.33184992,12
421,1,421,421,698.8255208,17.76567935,12
422.001,1.083333333,422,422,699.2135417,12.00337415,13
423,1.166666667,423,423,699.6015625,8.006679172,14
424.001,0.916666667,424,424,699.2135417,7.776525757,11
425.001,0.75,425,425,699.9895833,23.3116535,9
425.999,0.833333333,426,426,699.6015625,12.01420079,10
427,0.833333333,427,427,699.6015625,12.20427245,10
428.001,0.75,428,428,699.6015625,8.999285457,9
429,1.166666667,429,429,699.6015625,9.992410764,14
430,0.75,430,430,699.6015625,9.015627689,9
431.001,0.833333333,431,431,699.2135417,7.771077382,10
432,1.416666667,432,432,699.9895833,12.00434437,17
433.001,0.583333333,433,433,699.6015625,19.98649579,7
434,1,434,434,699.6015625,22.21834142,12
435,1.333333333,435,435,699.2135417,15.00652183,16
436,0.75,436,436,699.6015625,11.98880965,9
437,1.083333333,437,437,699.6015625,11.01954978,13
438.001,1.166666667,438,438,698.4375,8.866904876,14
439.001,0.5,439,439,698.4375,15.01676622,6
440,1.083333333,440,440,698.4375,12.00066964,13
441,1,441,441,699.6015625,9.013468826,12
442.001,1.25,442,442,698.8255208,11.10944963,15
443,0.666666667,443,443,698.8255208,8.882388954,8
444.001,0.833333333,444,444,699.6015625,12.22046383,10
445.001,0.833333333,445,445,699.6015625,12.01549037,10
446.001,0.833333333,446,446,699.6015625,14.41864308,10
447,0.5,447,447,699.6015625,14.02076194,6
448,0.916666667,448,448,699.6015625,15.54723606,11
449,1.083333333,449,449,699.6015625,16.02473097,13
450,1,450,450,699.6015625,17.76746672,12
451,1.083333333,451,451,699.6015625,9.997114166,13
452,1,452,452,699.6015625,11.09403739,12
453.001,0.583333333,453,453,699.6015625,11.10063211,7
454.001,0.583333333,454,454,699.6015625,14.99761388,7
455,0.75,455,455,699.6015625,15.02496247,9
456.001,0.416666667,456,456,699.2135417,6.985141905,5
457.001,1.166666667,457,457,699.6015625,11.01716474,14
458.001,1.25,458,458,699.6015625,14.42650909,15
459,1.25,459,459,699.6015625,10.01184201,15
460,1.75,460,460,699.6015625,15.54692011,21
461.001,0.666666667,461,461,699.6015625,7.999247271,8
462,1,462,462,699.2135417,12.03055279,12
463,0.75,463,463,698.8255208,14.43091306,9
464,1.25,464,464,699.2135417,9.984614818,15
465.001,0.75,465,465,698.4375,15.02381124,9
466,0.916666667,466,466,699.6015625,8.886277311,11
467.001,1,467,467,698.4375,15.53559577,12
468.001,1.333333333,468,468,698.8255208,18.03368331,16
469,1.166666667,469,469,699.6015625,20.97232283,14
470.001,0.5,470,470,698.8255208,16.65930325,6
471.001,1.25,471,471,699.2135417,8.002816191,15
472,1.083333333,472,472,698.8255208,9.993176659,13
473,0.833333333,473,473,698.8255208,14.01423706,10
474.001,0.5,474,474,699.2135417,8.886904147,6
475.001,1.083333333,475,475,698.4375,8.006131896,13
476,0.416666667,476,476,698.4375,14.41840161,5
477,1.25,477,477,698.8255208,15.000249,15
478,1.166666667,478,478,698.4375,10.00481932,14
479,1,479,479,699.6015625,14.01548992,12
480,1.083333333,480,480,698.4375,12.20142828,13
481,1.333333333,481,481,699.2135417,15.01455962,16
482,1,482,482,698.8255208,10.00669348,12
482.999,0.833333333,483,483,698.8255208,12.21583198,10
484,1.166666667,484,484,699.6015625,15.53498206,14
485,0.75,485,485,699.2135417,6.654175301,9
486.001,0.666666667,486,486,699.6015625,9.010933867,8
487,0.666666667,487,487,699.6015625,14.4269974,8
488,0.833333333,488,488,699.6015625,11.10298003,10
489.001,1.25,489,489,699.6015625,9.018630687,15
490.001,0.75,490,490,699.2135417,13.28914545,9
491,0.5,491,491,700.3776042,13.04060453,6
492,1,492,492,699.6015625,11.09924848,12
492.999,0.833333333,493,493,699.6015625,16.64151948,10
494,0.833333333,494,494,699.6015625,13.01418937,10
494.999,0.916666667,495,495,699.2135417,15.02897737,11
496,0.916666667,496,496,699.2135417,11.10666228,11
497,1,497,497,699.2135417,13.30396114,12
498,0.75,498,498,699.6015625,16.01107806,9
499.001,1.25,499,499,699.6015625,15.54895761,15
500.001,1,500,500,699.6015625,14.97878854,12
501,0.833333333,501,501,698.4375,10.01931022,10
502.001,1.666666667,502,502,698.8255208,9.006396343,20
503.001,0.833333333,503,503,698.8255208,7.762237778,10
504,0.75,504,504,698.4375,5.003981668,9
505,0.583333333,505,505,699.2135417,11.00137847,7
506.001,0.5,506,506,699.2135417,10.9911642,6
507,0.833333333,507,507,698.8255208,12.00762604,10
508,1.083333333,508,508,699.2135417,14.43102039,13
509.001,0.666666667,509,509,699.2135417,11.10868325,8
510,1,510,510,699.2135417,16.0371581,12
511,1.333333333,511,511,699.6015625,11.091943,16
512,0.916666667,512,512,699.6015625,6.003712696,11
513,0.666666667,513,513,699.6015625,13.00240024,8
514,0.916666667,514,514,699.6015625,8.887439249,11
515.001,1.083333333,515,515,699.6015625,15.55340227,13
516,1.166666667,516,516,699.6015625,13.31941307,14
517,0.666666667,517,517,699.6015625,14.01320184,8
518,0.75,518,518,699.9895833,11.98908035,9
519,1.166666667,519,519,699.6015625,18.04988809,14
520.001,0.75,520,520,699.6015625,16.64606808,9
521,1.25,521,521,699.2135417,8.886497434,15
522.001,1.75,522,522,699.2135417,13.30440217,21
523.001,1.916666667,523,523,699.6015625,17.75777266,23
524.001,1.083333333,524,524,698.4375,9.996071544,13
525.001,1.166666667,525,525,698.8255208,11.10984459,14
526,0.666666667,526,526,699.6015625,13.00540895,8
527.001,1.333333333,527,527,699.6015625,13.02138241,16
528,0.916666667,528,528,699.6015625,5.994141925,11
529.001,1.833333333,529,529,699.9895833,11.01148829,22
530,1.083333333,530,530,699.6015625,22.20172263,13
530.999,1.25,531,531,699.6015625,8.999636415,15
532,1,532,532,699.9895833,7.010011699,12
533,1.083333333,533,533,699.6015625,13.31282862,13
534.001,1.25,534,534,698.8255208,8.000571241,15
535,1.5,535,535,699.6015625,14.98924971,18
536.001,1.416666667,536,536,698.4375,20.03235827,17
537,1.416666667,537,537,698.4375,18.96823958,17
538.001,0.75,538,538,699.2135417,16.00710235,9
539.001,1.666666667,539,539,699.2135417,11.99454128,20
540,1.75,540,540,699.6015625,11.01684145,21
541.001,0.916666667,541,541,699.6015625,12.20841315,11
542,1.25,542,542,698.8255208,11.01300085,15
543,1.333333333,543,543,698.8255208,10.97609297,16
544.001,0.75,544,544,699.6015625,13.0362865,9
545.001,1.083333333,545,545,699.6015625,13.30259105,13
546.001,0.5,546,546,699.6015625,13.0051019,6
547,1.333333333,547,547,699.6015625,8.001140963,16
548,1.416666667,548,548,699.6015625,14.99704108,17
549,1.416666667,549,549,699.6015625,14.01416832,17
550.001,1.666666667,550,550,699.6015625,16.64700286,20
551,1.666666667,551,551,699.6015625,13.32427283,20
552,1.333333333,552,552,699.6015625,12.01802463,16
553,1.25,553,553,699.6015625,8.001654742,15
554,1.916666667,554,554,699.6015625,14.42241501,23
555.001,1.833333333,555,555,699.6015625,12.20814894,22
556,1.25,556,556,699.6015625,12.2185648,15
557,1.416666667,557,557,698.8255208,10.00214646,17
558,1.583333333,558,558,698.8255208,11.00692556,19
559,2,559,559,699.2135417,8.871712268,24
560,2.166666667,560,560,698.8255208,8.005238628,26
561,2,561,561,699.2135417,8.006021329,24
562.001,1.75,562,562,699.6015625,15.54442229,21
563.001,1.75,563,563,698.4375,14.01515739,21
564,1.916666667,564,564,699.6015625,15.01719469,23
565.001,1.416666667,565,565,699.6015625,9.976507542,17
566,1.916666667,566,566,699.6015625,13.32861796,23
567,1,567,567,699.6015625,14.03363441,12
568,1.666666667,568,568,699.9895833,16.63977679,20
569.001,1.916666667,569,569,699.6015625,15.54584113,23
570.001,2,570,570,699.6015625,19.00862231,24
570.999,2.916666667,571,571,699.6015625,12.20035377,35
572.001,1.75,572,572,699.2135417,21.05488588,21
573,1.666666667,573,573,699.2135417,12.19632401,20
574,1.5,574,574,699.2135417,7.773347833,18
575,2.416666667,575,575,699.2135417,6.006725129,29
575.999,2.583333333,576,576,698.4375,14.43208897,31
577.001,2.333333333,577,577,699.6015625,15.54838775,28
578,2.083333333,578,578,699.6015625,9.003321325,25
579.001,1.916666667,579,579,699.2135417,12.20884675,23
580,2.5,580,580,699.6015625,14.00211292,30
581,2.5,581,581,699.6015625,11.99957641,30
582.001,3.083333333,582,582,699.2135417,14.00179223,37
583,2.583333333,583,583,699.6015625,7.00545024,31
584,2.583333333,584,584,699.6015625,19.01121472,31
585.001,1.583333333,585,585,698.4375,7.764823464,19
586.001,1.583333333,586,586,698.4375,10.99364567,19
587,1.833333333,587,587,698.8255208,5.008891785,22
588.001,2.583333333,588,588,698.4375,9.995181212,31
589,2,589,589,698.8255208,13.31350361,24
589.999,2,590,590,699.6015625,6.660203309,24
591,1.833333333,591,591,699.6015625,16.01681285,22
592.001,1.5,592,592,699.6015625,13.99902287,18
593,1.75,593,593,699.6015625,10.99846681,21
594.001,1.083333333,594,594,699.6015625,4.997736026,13
595,2.083333333,595,595,699.2135417,9.998360269,25
596,1.666666667,596,596,699.6015625,15.01837949,20
597,1,597,597,699.2135417,13.31493653,12
598.001,1.25,598,598,698.8255208,13.01238779,15
599,2.166666667,599,599,699.6015625,17.75556557,26
600,0.833333333,600,600,699.6015625,18.85538706,10
601,0.75,601,601,699.6015625,7.021842847,9
602.001,0.916666667,602,602,699.6015625,11.07065402,11
603,1.333333333,603,603,699.6015625,15.9997424,16
604.001,1.25,604,604,699.6015625,14.00721512,15
605,0.666666667,605,605,699.6015625,11.10104,8
606,1.666666667,606,606,699.6015625,7.013135603,20
607,0.666666667,607,607,699.2135417,15.55029955,8
608,0.5,608,608,699.6015625,11.11011984,6
609,0.666666667,609,609,698.8255208,8.005380416,8
610,0.5,610,610,698.8255208,8.888760496,6
611.001,0.083333333,611,611,698.4375,8.984996852,1
612,0.333333333,612,612,699.2135417,10.01788995,4
613.001,0.5,613,613,699.6015625,14.00176702,6
614.001,0.5,614,614,699.2135417,14.42772912,6
615,0.666666667,615,615,699.9895833,8.887811489,8
616,0.75,616,616,699.6015625,15.99143499,9
617.001,0.333333333,617,617,699.9895833,12.01395661,4
618.001,0.583333333,618,618,699.6015625,5.555382104,7
619,0.75,619,619,699.6015625,13.01177566,9
620,0.333333333,620,620,698.4375,12.20514316,4
621.001,0.666666667,621,621,698.4375,13.02253811,8
622,0.166666667,622,622,698.4375,13.32233944,2
623.001,0.583333333,623,623,699.6015625,8.879794992,7
624,0.583333333,624,624,699.6015625,21.01602472,7
625.001,0.416666667,625,625,699.6015625,19.99594527,5
626.001,0.416666667,626,626,699.6015625,8.888769384,5
627,0.333333333,627,627,699.6015625,7.774276762,4
628,0.416666667,628,628,699.6015625,15.98959717,5
629,0.666666667,629,629,699.2135417,11.01044671,8
629.999,0.583333333,630,630,698.4375,14.43887264,7
631.001,0.166666667,631,631,699.2135417,16.98975518,2
632,0.25,632,632,698.8255208,13.00795436,3
633.001,0.916666667,633,633,699.2135417,8.001891647,11
634,0.833333333,634,634,699.6015625,11.00760185,10
634.999,0,635,635,699.6015625,14.43088102,0
636,0.5,636,636,699.6015625,7.995011113,6
637.001,0.25,637,637,699.6015625,8.008153902,3
638,0.916666667,638,638,699.2135417,8.884687419,11
639.001,0.25,639,639,698.4375,11.09020361,3
640,0.666666667,640,640,698.8255208,11.01516127,8
641,0.416666667,641,641,699.6015625,14.42821431,5
642,0.5,642,642,699.6015625,19.98684865,6
642.999,0.25,643,643,699.6015625,12.01247015,3
644,0.583333333,644,644,699.6015625,14.99607553,7
645.001,0.416666667,645,645,699.6015625,9.012943488,5
646.001,0.583333333,646,646,698.4375,9.982430922,7
647,0.25,647,647,699.6015625,9.017120807,3
647.999,0.333333333,648,648,699.6015625,15.0001905,4
649,0.166666667,649,649,698.8255208,17.0022613,2
650,0.5,650,650,699.6015625,11.1093978,6
651,0.75,651,651,699.6015625,11.98604704,9
652.001,0.5,652,652,699.6015625,13.0115217,6
653.001,0.666666667,653,653,699.6015625,21.06886803,8
654.001,0.5,654,654,699.6015625,9.013852489,6
655.001,0.583333333,655,655,699.6015625,12.99576338,7
656,0.416666667,656,656,699.2135417,11.02084372,5
657.001,0.5,657,657,698.4375,11.09026388,6
658.001,0.25,658,658,698.8255208,11.08948907,3
659.001,0.333333333,659,659,699.6015625,11.0107542,4
660,0.75,660,660,699.6015625,10.00988075,9
661,0.583333333,661,661,699.6015625,13.31587474,7
662.001,0.583333333,662,662,699.6015625,12.21440636,7
663.001,0.583333333,663,663,699.6015625,12.02269886,7
664.001,0.416666667,664,664,698.8255208,14.41203178,5
665,0.083333333,665,665,699.2135417,9.025316011,1
666,0.25,666,666,699.6015625,12.21568276,3
667.001,0.416666667,667,667,699.9895833,21.08342389,5
668.001,0.583333333,668,668,699.6015625,16.99937102,7
668.999,0.75,669,669,699.6015625,17.01072696,9
670.001,0.166666667,670,670,699.6015625,15.53562163,2
671,0.583333333,671,671,699.6015625,13.00980419,7
672,0.25,672,672,699.6015625,18.98726524,3
673,0.5,673,673,699.2135417,15.02713299,6
674,0.166666667,674,674,698.4375,19.96765905,2
675,0.75,675,675,699.6015625,9.988379519,9
676.001,0.333333333,676,676,699.2135417,11.02705267,4
677.001,0.416666667,677,677,699.6015625,15.53402712,5
678.001,0.25,678,678,699.6015625,13.99536613,3
678.999,0.583333333,679,679,699.6015625,19.01722009,7
680.001,0.5,680,680,698.8255208,13.33127143,6
680.999,0.416666667,681,681,699.9895833,6.666373346,5
682,0.416666667,682,682,699.2135417,20.01831876,5
683.001,0.416666667,683,683,699.2135417,14.42969249,5
684,0.416666667,684,684,699.6015625,11.00418489,5
685.001,0.583333333,685,685,699.6015625,11.99759208,7
686.001,0.75,686,686,699.6015625,14.43757376,9
686.999,0.333333333,687,687,699.6015625,9.003507767,4
688.001,0.75,688,688,699.6015625,17.99630896,9
689.001,0.333333333,689,689,699.2135417,9.977633472,4
690,0.166666667,690,690,699.2135417,9.999202286,2
691,0.416666667,691,691,699.6015625,17.05560982,5
692,0.333333333,692,692,699.6015625,14.40947904,4
693.001,0.666666667,693,693,699.6015625,11.99508801,8
694.001,0.25,694,694,699.6015625,13.00415092,3
695.001,0.5,695,695,699.6015625,6.008922649,6
696,0.583333333,696,696,699.6015625,12.19805381,7
696.999,0.666666667,697,697,699.6015625,16.02929996,8
697.999,0.583333333,698,698,699.6015625,12.20869228,7
699.001,0.416666667,699,699,698.8255208,22.17697872,5
700,0.416666667,700,700,698.8255208,10.01421718,5
701.001,0.416666667,701,701,699.6015625,13.01252716,5
702,0.666666667,702,702,698.4375,11.10849444,8
703,0.25,703,703,699.9895833,11.98415934,3
704.001,0.416666667,704,704,699.6015625,14.42914634,5
705,0.583333333,705,705,699.6015625,8.015913994,7
706.001,0.583333333,706,706,699.6015625,12.988548,7
707,0.5,707,707,699.6015625,19.02583899,6
707.999,0.416666667,708,708,699.6015625,14.4311101,5
709.001,0.416666667,709,709,699.2135417,9.01179193,5
710,0.75,710,710,698.4375,21.1074478,9
711.001,0.833333333,711,711,699.6015625,16.00658191,10
712.001,0.5,712,712,699.6015625,9.996737731,6
713,0.416666667,713,713,699.2135417,7.004229154,5
714,0.416666667,714,714,699.2135417,13.31167819,5
715,0.5,715,715,699.6015625,11.00382933,6
716.001,0.333333333,716,716,698.4375,11.10063335,4
717,0.5,717,717,698.8255208,12.01451594,6
718,0.5,718,718,698.4375,11.10016019,6
719,0.333333333,719,719,699.6015625,15.0315693,4
720,0.416666667,720,720,699.2135417,8.860293767,5
721,0.5,721,721,699.2135417,11.01557272,6
722,0.833333333,722,722,699.6015625,15.53693023,10
723,0.75,723,723,699.6015625,9.992779218,9
724.001,0.5,724,724,699.9895833,7.011844408,6
725,0.416666667,725,725,699.6015625,18.02404949,5
726.001,0.5,726,726,699.6015625,14.41425139,6
727,0.166666667,727,727,698.4375,12.21228549,2
728,0.416666667,728,728,698.4375,14.02500378,5
729.001,0.25,729,729,698.8255208,9.993992611,3
729.999,0.666666667,730,730,698.8255208,7.770976447,8
731,0.416666667,731,731,699.6015625,5.999628623,5
732.001,0.416666667,732,732,699.6015625,13.33171723,5
733.001,0.333333333,733,733,699.2135417,12.20690527,4
734.001,0.333333333,734,734,699.6015625,7.006886368,4
735,0.5,735,735,699.2135417,7.776551675,6
736.001,0.583333333,736,736,699.6015625,12.21824179,7
737.001,0.666666667,737,737,699.6015625,5.552944438,8
738.001,1.25,738,738,699.6015625,13.02436598,15
739,0.583333333,739,739,699.6015625,13.32816349,7
740,0.666666667,740,740,699.6015625,15.54956552,8
741,0.416666667,741,741,698.8255208,5.549279321,5
742,0.833333333,742,742,698.8255208,8.004929436,10
743,1,743,743,699.6015625,10.00180333,12
744,0.416666667,744,744,699.6015625,17.77176895,5
745,0.416666667,745,745,699.6015625,9.008743887,5
746.001,0.583333333,746,746,699.6015625,7.760509781,7
747.001,0.583333333,747,747,699.6015625,11.11092099,7
748,0.083333333,748,748,699.6015625,9.991198864,1
749,0.666666667,749,749,698.8255208,14.01500306,8
750.001,0.666666667,750,750,699.6015625,7.771771925,8
751,0.75,751,751,698.8255208,13.32421365,9
752,0.166666667,752,752,698.4375,12.01307383,2
753.001,0.333333333,753,753,699.2135417,11.10150707,4
754,0.166666667,754,754,699.6015625,21.09994221,2
755,0.666666667,755,755,699.6015625,8.884940027,8
756.001,0.583333333,756,756,698.8255208,14.03403956,7
757,0.5,757,757,699.6015625,17.74772496,6
758,0.416666667,758,758,699.6015625,12.97992784,5
759.001,0.833333333,759,759,699.6015625,12.00921227,10
760,0.416666667,760,760,699.6015625,11.02031485,5
761.001,0.416666667,761,761,699.6015625,18.98105691,5
762,0.083333333,762,762,698.8255208,11.10082065,1
763.001,0.333333333,763,763,698.8255208,9.997635004,4
764,0.666666667,764,764,699.6015625,16.01727944,8
765,0.25,765,765,698.8255208,14.44237758,3
766.001,0.25,766,766,699.6015625,7.998715406,3
767,0.333333333,767,767,699.6015625,14.01208683,4
768.001,0.333333333,768,768,699.6015625,11.10123595,4
769,0.25,769,769,699.6015625,7.998559459,3
770,0.666666667,770,770,698.8255208,13.03251743,8
771,0.333333333,771,771,698.4375,14.422231,4
772,0.166666667,772,772,698.8255208,9.996473466,2
773,0.333333333,773,773,698.8255208,12.19579935,4
774,0.416666667,774,774,698.4375,15.01722476,5
775.001,0.666666667,775,775,700.3776042,14.997257,8
776,0.75,776,776,699.6015625,8.012186536,9
777.001,0.75,777,777,699.6015625,8.872686378,9
778.001,0.416666667,778,778,699.6015625,12.21200891,5
779,0.333333333,779,779,699.6015625,14.01179934,4
780,0.333333333,780,780,699.9895833,13.00624039,4
781,0.166666667,781,781,698.8255208,14.44160747,2
782,0.333333333,782,782,699.2135417,15.00321369,4
782.999,0.083333333,783,783,698.8255208,10.01761999,1
784,0.25,784,784,698.8255208,17.75286656,3
785,0.583333333,785,785,699.6015625,9.994900602,7
786,0.416666667,786,786,699.6015625,13.99116458,5
787,0.25,787,787,699.6015625,12.02426135,3
788,0.25,788,788,698.8255208,8.883347654,3
789.001,0.416666667,789,789,699.6015625,15.99215585,5
790,0.416666667,790,790,698.8255208,14.03594324,5
791,0.25,791,791,699.2135417,15.53238124,3
792.001,0.583333333,792,792,698.8255208,11.98429937,7
793.001,0.333333333,793,793,698.4375,14.00792288,4
794,0.25,794,794,699.6015625,14.0075795,3
794.999,0.416666667,795,795,699.6015625,10.98480253,5
796.001,0.166666667,796,796,699.6015625,14.00832234,2
797.001,0.416666667,797,797,699.6015625,9.003155606,5
798,0.25,798,798,699.6015625,17.99056934,3
799.001,0.25,799,799,699.6015625,7.009270461,3
800.001,0.166666667,800,800,699.9895833,9.99589835,2
801.002,0.5,801,801,699.6015625,9.999032316,6
802,0.333333333,802,802,698.4375,8.997659709,4
803,0.416666667,803,803,699.2135417,9.991937617,5
804,0.666666667,804,804,698.8255208,20.02628049,8
805,0.583333333,805,805,698.4375,14.99089753,7
806.001,0.333333333,806,806,698.8255208,14.99644884,4
807,0.25,807,807,699.6015625,14.01101826,3
808,0.083333333,808,808,699.6015625,11.9999916,1
809.001,0.333333333,809,809,699.6015625,8.877353262,4
810.001,0.5,810,810,699.6015625,10.01574676,6
811.001,0.25,811,811,699.6015625,15.54398047,3
812.001,0.333333333,812,812,699.6015625,14.01181616,4
813,0.416666667,813,813,699.6015625,16.63050271,5
814.001,0.333333333,814,814,699.6015625,13.01074427,4
815,0.75,815,815,698.8255208,13.01622733,9
816,0.416666667,816,816,698.8255208,17.96400731,5
817.001,0.166666667,817,817,698.4375,13.0188865,2
817.999,0.666666667,818,818,699.6015625,17.7545824,8
819.001,0.25,819,819,699.6015625,19.02052886,3
820.001,0.25,820,820,699.6015625,11.09889985,3
821,0.583333333,821,821,699.6015625,16.0256956,7
822,0.416666667,822,822,699.6015625,8.887170703,5
823,0.416666667,823,823,699.6015625,17.75218111,5
824.001,0.416666667,824,824,699.2135417,16.01701648,5
825,0.333333333,825,825,699.2135417,6.99027862,4
826,0.416666667,826,826,699.2135417,9.997946422,5
827,0.5,827,827,698.8255208,9.012863158,6
828.001,0.666666667,828,828,698.4375,11.98998596,8
829,0.583333333,829,829,699.2135417,9.993659578,7
830.001,0.5,830,830,699.6015625,15.03247465,6
831.001,0.166666667,831,831,699.6015625,22.19911295,2
832.001,0.25,832,832,699.6015625,21.99212462,3
833,0.583333333,833,833,699.6015625,9.001146746,7
834,0.083333333,834,834,699.6015625,15.53512686,1
835.001,0.416666667,835,835,699.6015625,7.006219421,5
836.001,0.166666667,836,836,699.6015625,18.9779135,2
837.001,0.583333333,837,837,699.6015625,18.00122408,7
838.001,0.25,838,838,698.8255208,14.01523316,3
839.001,0.75,839,839,699.2135417,9.002087584,9
840.001,0.333333333,840,840,699.6015625,8.876321989,4
841.001,0.416666667,841,841,699.6015625,17.03953342,5
842,0.416666667,842,842,699.6015625,12.21902491,5
843.001,0.25,843,843,699.6015625,11.99395505,3
844,0.166666667,844,844,699.9895833,11.98256776,2
845,0.333333333,845,845,699.6015625,11.01521642,4
846.001,0.083333333,846,846,699.6015625,18.86633523,1
847.001,0.416666667,847,847,699.6015625,11.01096472,5
848.001,0.333333333,848,848,699.6015625,12.2100854,4
849.001,0.25,849,849,699.6015625,7.014168621,3
850,0.25,850,850,698.8255208,16.66069473,3
851,0.25,851,851,698.4375,12.20319338,3
852.001,0.333333333,852,852,699.6015625,12.99764873,4
853,0.166666667,853,853,699.2135417,15.02853167,2
854,0.166666667,854,854,699.6015625,16.64086777,2
855.001,0.166666667,855,855,699.6015625,6.661305796,2
856,0.333333333,856,856,699.6015625,9.014150413,4
857.001,0.083333333,857,857,699.6015625,12.2105408,1
858.001,0.416666667,858,858,699.6015625,7.769607604,5
859,0.083333333,859,859,699.6015625,8.888509646,1
860,0.166666667,860,860,699.6015625,19.02574945,2
861.001,0.25,861,861,699.2135417,10.01313423,3
862,0.166666667,862,862,698.8255208,16.64239651,2
863.001,0.25,863,863,699.6015625,21.0144243,3
864,0.083333333,864,864,699.2135417,14.43117258,1
865,0.083333333,865,865,698.4375,13.99708721,1
866,0.166666667,866,866,699.9895833,15.01869978,2
867.001,0.333333333,867,867,699.6015625,9.993561925,4
868.001,0,868,868,699.6015625,14.01198445,0
869.001,0,869,869,699.6015625,8.011052047,0
870,0.083333333,870,870,699.6015625,11.98762278,1
871,0.083333333,871,871,699.6015625,12.22073808,1
872,0.333333333,872,872,699.6015625,7.001993468,4
873.001,0.333333333,873,873,699.2135417,12.21730136,4
874.001,0,874,874,699.2135417,12.99092065,0
875,0.416666667,875,875,698.8255208,18.02373726,5
876.001,0,876,876,699.2135417,15.54902151,0
877,0.333333333,877,877,699.6015625,16.65636933,4
878,0.166666667,878,878,699.9895833,8.012716983,2
879.001,0.5,879,879,699.6015625,12.21726473,6
880.001,0.083333333,880,880,699.6015625,4.43273562,1
881,0.25,881,881,699.6015625,7.022252112,3
882.001,0.083333333,882,882,699.6015625,6.660050277,1
883,0.083333333,883,883,699.9895833,17.0207534,1
884,0.333333333,884,884,699.6015625,17.73456456,4
885,0.25,885,885,698.8255208,9.999380038,3
886,0.166666667,886,886,698.8255208,11.10248695,2
887,0.166666667,887,887,698.4375,8.888632106,2
888.001,0.166666667,888,888,698.4375,7.004200419,2
889.001,0.166666667,889,889,699.6015625,13.00918188,2
890.001,0,890,890,699.6015625,12.21207941,0
891,0.083333333,891,891,699.6015625,5.005913987,1
892.001,0.166666667,892,892,699.6015625,12.20327596,2
892.999,0.25,893,893,699.6015625,13.0193963,3
894,0.083333333,894,894,699.2135417,7.77208602,1
895,0.166666667,895,895,698.4375,7.774104945,2
896,0.333333333,896,896,698.4375,16.01417094,4
897,0.25,897,897,698.8255208,16.96705338,3
898,0.083333333,898,898,699.2135417,15.01186388,1
899,0.25,899,899,699.6015625,14.42861465,3
900,0.25,900,900,699.6015625,12.01468314,3
901,0.166666667,901,901,699.6015625,9.003876169,2
902,0.083333333,902,902,699.6015625,7.999187283,1
903,0.083333333,903,903,699.6015625,12.98606465,1
904,0.083333333,904,904,699.6015625,6.009258465,1
905.001,0.416666667,905,905,699.2135417,17.74701235,5
906,0,906,906,698.4375,16.02669085,0
907.001,0.083333333,907,907,698.8255208,9.998910119,1
908,0.166666667,908,908,698.4375,9.98145003,2
909,0.25,909,909,698.8255208,16.66214012,3
910,0.083333333,910,910,699.6015625,12.21097727,1
911.001,0.25,911,911,699.6015625,5.548762021,3
912.001,0.166666667,912,912,699.6015625,17.00478515,2
913.001,0.25,913,913,699.6015625,14.98980394,3
914,0,914,914,699.6015625,15.5494429,0
915,0,915,915,699.6015625,15.99400705,0
916,0.25,916,916,699.2135417,10.02179942,3
917,0.083333333,917,917,698.8255208,13.30234331,1
918,0,918,918,698.8255208,13.02380491,0
919,0.166666667,919,919,698.8255208,12.21175539,2
920,0.083333333,920,920,699.6015625,8.997680398,1
921,0.166666667,921,921,698.8255208,15.55135151,2
922,0.166666667,922,922,699.6015625,12.00407779,2
923.001,0.333333333,923,923,699.6015625,12.99755906,4
924.001,0,924,924,699.6015625,13.99596776,0
925.001,0.083333333,925,925,699.6015625,12.03711645,1
926.002,0.083333333,926,926,699.2135417,6.646588799,1
927,0.083333333,927,927,698.8255208,15.99732525,1
928.001,0.083333333,928,928,699.6015625,12.00061083,1
929.001,0.166666667,929,929,699.2135417,6.000706883,2
930,0.25,930,930,699.6015625,11.000143,3
931.001,0.166666667,931,931,699.6015625,17.98827165,2
932,0.333333333,932,932,699.9895833,12.01559143,4
933,0.083333333,933,933,699.6015625,23.31475665,1
934.001,0,934,934,699.2135417,15.01456563,0
935,0.166666667,935,935,699.2135417,7.011564173,2
936.001,0,936,936,699.6015625,11.10181766,0
937.001,0.166666667,937,937,698.8255208,13.32028981,2
938,0.333333333,938,938,698.4375,12.01717735,4
939,0.083333333,939,939,699.6015625,11.09715952,1
940,0.25,940,940,699.6015625,12.21122398,3
941.001,0.166666667,941,941,699.6015625,7.013855872,2
942,0.25,942,942,699.6015625,15.54183039,3
943.001,0,943,943,699.6015625,8.881694716,0
944,0.166666667,944,944,699.9895833,14.01297882,2
945.001,0.083333333,945,945,699.6015625,11.0083256,1
946.001,0.25,946,946,699.6015625,17.76210962,3
947,0.166666667,947,947,699.2135417,5.550216864,2
948,0.166666667,948,948,698.8255208,7.018632363,2
949.001,0.166666667,949,949,699.2135417,9.980115175,2
949.999,0.166666667,950,950,699.6015625,9.986840673,2
951,0.25,951,951,699.6015625,14.43839155,3
952.001,0.166666667,952,952,699.6015625,18.84518063,2
953,0,953,953,699.6015625,13.33014002,0
954.001,0,954,954,699.6015625,15.03564048,0
955.001,0.166666667,955,955,699.6015625,11.9870935,2
956,0.083333333,956,956,699.6015625,5.555153733,1
957,0.333333333,957,957,698.4375,15.00375394,4
958,0.166666667,958,958,699.2135417,15.55194232,2
959,0.166666667,959,959,699.6015625,16.01042919,2
960,0.083333333,960,960,699.6015625,17.74676826,1
961.001,0.083333333,961,961,699.9895833,14.01446854,1
962.001,0.083333333,962,962,700.3776042,12.99482416,1
963,0.166666667,963,963,699.6015625,14.00243922,2
964,0,964,964,698.8255208,18.86365979,0
965,0,965,965,698.8255208,9.00470676,0
966,0.083333333,966,966,699.6015625,8.010404715,1
967.001,0.083333333,967,967,699.2135417,9.991221047,1
968.001,0,968,968,698.8255208,13.33308593,0
969.001,0,969,969,698.8255208,6.999684314,0
969.999,0,970,970,699.6015625,12.01682355,0
971,0.083333333,971,971,699.2135417,8.879895528,1
972,0,972,972,699.6015625,14.44152405,0
973,0.166666667,973,973,699.6015625,13.99019148,2
974.001,0.083333333,974,974,699.6015625,10.99686479,1
975,0.166666667,975,975,699.6015625,18.00319017,2
976.001,0,976,976,699.6015625,17.99369321,0
977.001,0,977,977,699.6015625,14.00302605,0
978.001,0.166666667,978,978,699.2135417,5.554370006,2
979,0.083333333,979,979,698.4375,11.01325666,1
980.001,0.166666667,980,980,699.6015625,10.99478957,2
981,0.166666667,981,981,699.6015625,12.01150823,2
982.001,0,982,982,699.2135417,15.55411594,0
983,0.166666667,983,983,698.8255208,13.32232909,2
984.001,0.083333333,984,984,699.6015625,12.21462879,1
985,0,985,985,699.6015625,12.0197051,0
986,0.166666667,986,986,698.8255208,11.09454572,2
987.001,0,987,987,699.9895833,10.00285181,0
988,0,988,988,699.6015625,14.44420692,0
989.001,0.166666667,989,989,699.6015625,17.77082741,2
990,0.166666667,990,990,699.2135417,17.0211181,2
991.001,0,991,991,699.2135417,11.10469507,0
992.001,0.166666667,992,992,699.6015625,11.10673382,2
993,0.083333333,993,993,698.4375,16.99012194,1
994,0.083333333,994,994,698.4375,14.4301714,1
995.001,0.083333333,995,995,699.2135417,9.990530088,1
996,0,996,996,699.2135417,14.43947085,0
997,0.083333333,997,997,699.6015625,9.991905446,1
998,0,998,998,700.3776042,13.00403385,0
999.001,0.166666667,999,999,699.6015625,7.012362093,2
1000,0.083333333,1000,1000,699.6015625,8.881348624,1
1001.001,0,1001,1001,699.6015625,14.00822563,0
1002,0.083333333,1002,1002,699.6015625,14.4301714,1
1003,0.083333333,1003,1003,699.6015625,14.44338366,1
1004,0.083333333,1004,1004,698.4375,12.02793367,1
1005,0,1005,1005,699.6015625,8.873104622,0
1006.001,0.083333333,1006,1006,699.6015625,17.74591597,1
1007,0.083333333,1007,1007,699.2135417,16.01484095,1
1008,0,1008,1008,698.8255208,10.99431924,0
1009,0,1009,1009,698.8255208,17.00780828,0
1010,0.083333333,1010,1010,698.8255208,12.21363332,1
1011,0.083333333,1011,1011,699.2135417,14.44236153,1
1012,0.083333333,1012,1012,699.6015625,17.03218572,1
1013.001,0.166666667,1013,1013,699.6015625,12.97885615,2
1014.001,0.083333333,1014,1014,699.6015625,9.995364372,1
1015,0.083333333,1015,1015,699.6015625,14.43310964,1
1016,0.083333333,1016,1016,699.6015625,13.32892738,1
1017,0.083333333,1017,1017,699.6015625,10.01156736,1
1018,0,1018,1018,699.6015625,8.886409581,0
1019.001,0.083333333,1019,1019,699.6015625,10.00096309,1
1020.001,0.083333333,1020,1020,698.8255208,9.005891654,1
1021.001,0.083333333,1021,1021,699.6015625,17.97755323,1
1022,0.166666667,1022,1022,699.6015625,10.9989573,2
1023,1.583333333,1023,1023,698.8255208,12.21514965,19
